category_id,category_name
1,Computers&Accessories|Accessories&Peripherals|Cables&Accessories|Cables|USBCables
2,Computers&Accessories|NetworkingDevices|NetworkAdapters|WirelessUSBAdapters
3,"Electronics|HomeTheater,TV&Video|Accessories|Cables|HDMICables"
4,"Electronics|HomeTheater,TV&Video|Televisions|SmartTelevisions"
5,"Electronics|HomeTheater,TV&Video|Accessories|RemoteControls"
6,"Electronics|HomeTheater,TV&Video|Televisions|StandardTelevisions"
7,"Electronics|HomeTheater,TV&Video|Accessories|TVMounts,Stands&Turntables|TVWall&CeilingMounts"
8,"Electronics|HomeTheater,TV&Video|Accessories|Cables|RCACables"
9,Electronics|HomeAudio|Accessories|SpeakerAccessories|Mounts
10,"Electronics|HomeTheater,TV&Video|Accessories|Cables|OpticalCables"
11,"Electronics|HomeTheater,TV&Video|Projectors"
12,Electronics|HomeAudio|Accessories|Adapters
13,"Electronics|HomeTheater,TV&Video|SatelliteEquipment|SatelliteReceivers"
14,Computers&Accessories|Accessories&Peripherals|Cables&Accessories|Cables|DVICables
15,"Electronics|HomeTheater,TV&Video|Accessories|Cables|SpeakerCables"
16,Electronics|HomeAudio|MediaStreamingDevices|StreamingClients
17,"Electronics|HomeTheater,TV&Video|AVReceivers&Amplifiers"
18,Electronics|HomeAudio|Speakers|TowerSpeakers
19,"Electronics|HomeTheater,TV&Video|Accessories|3DGlasses"
20,Electronics|WearableTechnology|SmartWatches
21,Electronics|Mobiles&Accessories|MobileAccessories|Chargers|PowerBanks
22,Electronics|Mobiles&Accessories|Smartphones&BasicMobiles|Smartphones
23,Electronics|Accessories|MemoryCards|MicroSD
24,Electronics|Mobiles&Accessories|Smartphones&BasicMobiles|BasicMobiles
25,"Electronics|Headphones,Earbuds&Accessories|Headphones|In-Ear"
26,Electronics|Mobiles&Accessories|MobileAccessories|Chargers|AutomobileChargers
27,Electronics|Mobiles&Accessories|MobileAccessories|AutomobileAccessories|Cradles
28,Electronics|Mobiles&Accessories|MobileAccessories|Chargers|WallChargers
29,Electronics|Mobiles&Accessories|MobileAccessories|Cables&Adapters|OTGAdapters
30,Electronics|Mobiles&Accessories|MobileAccessories|Photo&VideoAccessories|Tripods
31,Electronics|Mobiles&Accessories|MobileAccessories|Photo&VideoAccessories|SelfieSticks
32,Electronics|Mobiles&Accessories|MobileAccessories|Stands
33,Computers&Accessories|Accessories&Peripherals|Cables&Accessories|CableConnectionProtectors
34,Electronics|Mobiles&Accessories|MobileAccessories|Décor
35,"Electronics|Mobiles&Accessories|MobileAccessories|Maintenance,Upkeep&Repairs|ScreenProtectors"
36,Electronics|Mobiles&Accessories|MobileAccessories|StylusPens
37,Electronics|Mobiles&Accessories|MobileAccessories|Mounts|Bedstand&DeskMounts
38,Electronics|Mobiles&Accessories|MobileAccessories|Cases&Covers|BasicCases
39,Electronics|Mobiles&Accessories|MobileAccessories|Mounts|HandlebarMounts
40,"Electronics|Headphones,Earbuds&Accessories|Headphones|On-Ear"
41,Computers&Accessories|Accessories&Peripherals|LaptopAccessories|CameraPrivacyCovers
42,"Electronics|Headphones,Earbuds&Accessories|Adapters"
43,Electronics|Mobiles&Accessories|MobileAccessories|Décor|PhoneCharms
44,Electronics|Mobiles&Accessories|MobileAccessories|Mounts|Shower&WallMounts
45,Computers&Accessories|ExternalDevices&DataStorage|PenDrives
46,"Computers&Accessories|Accessories&Peripherals|Keyboards,Mice&InputDevices|Mice"
47,"Computers&Accessories|Accessories&Peripherals|Keyboards,Mice&InputDevices|GraphicTablets"
48,Computers&Accessories|Accessories&Peripherals|LaptopAccessories|Lapdesks
49,Computers&Accessories|Accessories&Peripherals|LaptopAccessories|NotebookComputerStands
50,"Computers&Accessories|Accessories&Peripherals|Keyboards,Mice&InputDevices|Keyboards"
51,MusicalInstruments|Microphones|Condenser
52,Electronics|GeneralPurposeBatteries&BatteryChargers|DisposableBatteries
53,"OfficeProducts|OfficePaperProducts|Paper|Stationery|Pens,Pencils&WritingSupplies|Pens&Refills|GelInkRollerballPens"
54,Home&Kitchen|CraftMaterials|Scrapbooking|Tape
55,"Computers&Accessories|Accessories&Peripherals|Keyboards,Mice&InputDevices|Keyboard&MouseSets"
56,Computers&Accessories|ExternalDevices&DataStorage|ExternalHardDisks
57,Electronics|Cameras&Photography|VideoCameras
58,Electronics|Cameras&Photography|Accessories|Tripods&Monopods|Tabletop&TravelTripods
59,OfficeProducts|OfficeElectronics|Calculators|Scientific
60,Computers&Accessories|NetworkingDevices|Repeaters&Extenders
61,Electronics|Cameras&Photography|Accessories|Tripods&Monopods|TripodLegs
62,"Computers&Accessories|Printers,Inks&Accessories|Inks,Toners&Cartridges|InkjetInkCartridges"
63,"Computers&Accessories|Accessories&Peripherals|Keyboards,Mice&InputDevices|Keyboard&MiceAccessories|DustCovers"
64,Computers&Accessories|Accessories&Peripherals|PCGamingPeripherals|GamingMice
65,Home&Kitchen|CraftMaterials|PaintingMaterials|Paints
66,"Computers&Accessories|Accessories&Peripherals|Keyboards,Mice&InputDevices|Keyboard&MiceAccessories|MousePads"
67,Computers&Accessories|Accessories&Peripherals|HardDiskBags
68,Electronics|Cameras&Photography|Flashes|Macro&RinglightFlashes
69,Computers&Accessories|NetworkingDevices
70,Computers&Accessories|NetworkingDevices|Routers
71,"Electronics|Headphones,Earbuds&Accessories|Headphones|Over-Ear"
72,Electronics|HomeAudio|Speakers|BluetoothSpeakers
73,Electronics|GeneralPurposeBatteries&BatteryChargers
74,"OfficeProducts|OfficePaperProducts|Paper|Stationery|Notebooks,WritingPads&Diaries|WireboundNotebooks"
75,Electronics|GeneralPurposeBatteries&BatteryChargers|RechargeableBatteries
76,Computers&Accessories|NetworkingDevices|NetworkAdapters|BluetoothAdapters
77,Computers&Accessories|Accessories&Peripherals|Adapters|USBtoUSBAdapters
78,Electronics|Cameras&Photography|Accessories|Tripods&Monopods|CompleteTripodUnits
79,"OfficeProducts|OfficePaperProducts|Paper|Stationery|Notebooks,WritingPads&Diaries|Notepads&MemoBooks"
80,Electronics|Cameras&Photography|Accessories|Film
81,Computers&Accessories|Monitors
82,Computers&Accessories|Accessories&Peripherals|USBGadgets|Lamps
83,Electronics|Cameras&Photography|Accessories|Cleaners|CleaningKits
84,Electronics|Cameras&Photography|SecurityCameras|DomeCameras
85,Computers&Accessories|Accessories&Peripherals|TabletAccessories|ScreenProtectors
86,Computers&Accessories|Accessories&Peripherals|PCGamingPeripherals|Gamepads
87,OfficeProducts|OfficeElectronics|Calculators|Basic
88,Computers&Accessories|Accessories&Peripherals|USBHubs
89,Computers&Accessories|Accessories&Peripherals|Audio&VideoAccessories|PCMicrophones
90,Electronics|HomeAudio|Speakers|OutdoorSpeakers
91,Computers&Accessories|Accessories&Peripherals|LaptopAccessories|Bags&Sleeves|LaptopSleeves&Slipcases
92,Computers&Accessories|ExternalDevices&DataStorage|ExternalMemoryCardReaders
93,"OfficeProducts|OfficePaperProducts|Paper|Stationery|Pens,Pencils&WritingSupplies|Pens&Refills|BottledInk"
94,"OfficeProducts|OfficePaperProducts|Paper|Stationery|Notebooks,WritingPads&Diaries|CompositionNotebooks"
95,"OfficeProducts|OfficePaperProducts|Paper|Stationery|Pens,Pencils&WritingSupplies|Pens&Refills|RetractableBallpointPens"
96,Computers&Accessories|Accessories&Peripherals|Cables&Accessories|Cables|EthernetCables
97,Computers&Accessories|Components|Memory
98,Computers&Accessories|Accessories&Peripherals|UninterruptedPowerSupplies
99,"Electronics|Headphones,Earbuds&Accessories|Cases"
100,Electronics|Accessories|MemoryCards|SecureDigitalCards
101,Electronics|Mobiles&Accessories|MobileAccessories|Photo&VideoAccessories|Flashes&SelfieLights|SelfieLights
102,Computers&Accessories|Accessories&Peripherals|Audio&VideoAccessories|Webcams&VoIPEquipment|Webcams
103,Computers&Accessories|Accessories&Peripherals|LaptopAccessories|CoolingPads
104,Computers&Accessories|Accessories&Peripherals|LaptopAccessories
105,Computers&Accessories|Accessories&Peripherals|TabletAccessories|Stands
106,HomeImprovement|Electrical|Adapters&Multi-Outlets
107,OfficeProducts|OfficePaperProducts|Paper|Copy&PrintingPaper|ColouredPaper
108,Computers&Accessories|Components|InternalSolidStateDrives
109,Electronics|HomeAudio|Speakers|MultimediaSpeakerSystems
110,Computers&Accessories|NetworkingDevices|DataCards&Dongles
111,Computers&Accessories|Accessories&Peripherals|LaptopAccessories|LaptopChargers&PowerSupplies
112,Computers&Accessories|Accessories&Peripherals|Audio&VideoAccessories|PCSpeakers
113,Electronics|Cameras&Photography|Accessories|Batteries&Chargers|BatteryChargers
114,"Computers&Accessories|Accessories&Peripherals|TabletAccessories|Bags,Cases&Sleeves|Cases"
115,"OfficeProducts|OfficePaperProducts|Paper|Stationery|Pens,Pencils&WritingSupplies|Pens&Refills|StickBallpointPens"
116,Home&Kitchen|CraftMaterials|DrawingMaterials|DrawingMedia|Pencils|WoodenPencils
117,Computers&Accessories|Components|InternalHardDrives
118,"Computers&Accessories|Printers,Inks&Accessories|Printers"
119,Home&Kitchen|CraftMaterials|DrawingMaterials|DrawingMedia|Pens
120,Computers&Accessories|Accessories&Peripherals|Cables&Accessories|Cables|SATACables
121,Computers&Accessories|Accessories&Peripherals|Audio&VideoAccessories|PCHeadsets
122,Computers&Accessories|Accessories&Peripherals|PCGamingPeripherals|GamingKeyboards
123,Electronics|HomeAudio|Speakers|SoundbarSpeakers
124,"Electronics|Headphones,Earbuds&Accessories|Earpads"
125,"Computers&Accessories|Printers,Inks&Accessories|Printers|InkjetPrinters"
126,Toys&Games|Arts&Crafts|Drawing&PaintingSupplies|ColouringPens&Markers
127,Computers&Accessories|Accessories&Peripherals|PCGamingPeripherals|Headsets
128,Computers&Accessories|ExternalDevices&DataStorage|ExternalSolidStateDrives
129,Computers&Accessories|NetworkingDevices|NetworkAdapters|PowerLANAdapters
130,"Computers&Accessories|Printers,Inks&Accessories|Inks,Toners&Cartridges|InkjetInkRefills&Kits"
131,"OfficeProducts|OfficePaperProducts|Paper|Stationery|Notebooks,WritingPads&Diaries"
132,Electronics|Cameras&Photography|Accessories|PhotoStudio&Lighting|PhotoBackgroundAccessories|BackgroundSupports
133,OfficeProducts|OfficeElectronics|Calculators|Financial&Business
134,Electronics|PowerAccessories|SurgeProtectors
135,Computers&Accessories|Tablets
136,HomeImprovement|Electrical|CordManagement
137,Home&Kitchen|CraftMaterials|PaintingMaterials
138,"Computers&Accessories|Printers,Inks&Accessories|Inks,Toners&Cartridges|TonerCartridges"
139,"OfficeProducts|OfficePaperProducts|Paper|Stationery|Pens,Pencils&WritingSupplies|Pens&Refills|LiquidInkRollerballPens"
140,"OfficeProducts|OfficePaperProducts|Paper|Stationery|Pens,Pencils&WritingSupplies|Pens&Refills|FountainPens"
141,Computers&Accessories|Accessories&Peripherals|HardDriveAccessories|Caddies
142,Computers&Accessories|Laptops|TraditionalLaptops
143,Home&Kitchen|Kitchen&HomeAppliances|SmallKitchenAppliances|Kettles&HotWaterDispensers|ElectricKettles
144,"Home&Kitchen|Heating,Cooling&AirQuality|RoomHeaters|ElectricHeaters"
145,"Home&Kitchen|Heating,Cooling&AirQuality|RoomHeaters|FanHeaters"
146,"Home&Kitchen|Kitchen&HomeAppliances|Vacuum,Cleaning&Ironing|Irons,Steamers&Accessories|LintShavers"
147,Home&Kitchen|Kitchen&HomeAppliances|SmallKitchenAppliances|DigitalKitchenScales
148,Home&Kitchen|Kitchen&Dining|KitchenTools|ManualChoppers&Chippers|Choppers
149,Home&Kitchen|Kitchen&HomeAppliances|SmallKitchenAppliances|InductionCooktop
150,Home&Kitchen|Kitchen&HomeAppliances|SmallKitchenAppliances|HandBlenders
151,"Home&Kitchen|Kitchen&HomeAppliances|Vacuum,Cleaning&Ironing|Irons,Steamers&Accessories|Irons|DryIrons"
152,Home&Kitchen|Kitchen&HomeAppliances|SmallKitchenAppliances|MixerGrinders
153,"Home&Kitchen|Heating,Cooling&AirQuality|WaterHeaters&Geysers|InstantWaterHeaters"
154,"Home&Kitchen|Heating,Cooling&AirQuality|RoomHeaters"
155,Home&Kitchen|Kitchen&HomeAppliances|SmallKitchenAppliances|Kettles&HotWaterDispensers|Kettle&ToasterSets
156,"Home&Kitchen|Heating,Cooling&AirQuality|WaterHeaters&Geysers|StorageWaterHeaters"
157,"Home&Kitchen|Heating,Cooling&AirQuality|WaterHeaters&Geysers|ImmersionRods"
158,Home&Kitchen|Kitchen&HomeAppliances|SmallKitchenAppliances|DeepFatFryers|AirFryers
159,Home&Kitchen|HomeStorage&Organization|LaundryOrganization|LaundryBaskets
160,"Home&Kitchen|Kitchen&HomeAppliances|Vacuum,Cleaning&Ironing|Irons,Steamers&Accessories|Irons|SteamIrons"
161,Home&Kitchen|Kitchen&HomeAppliances|SmallKitchenAppliances|JuicerMixerGrinders
162,"Home&Kitchen|Kitchen&HomeAppliances|Vacuum,Cleaning&Ironing|Vacuums&FloorCare|Vacuums|HandheldVacuums"
163,Home&Kitchen|Kitchen&HomeAppliances|SmallKitchenAppliances|EggBoilers
164,Home&Kitchen|Kitchen&HomeAppliances|SmallKitchenAppliances|SandwichMakers
165,Home&Kitchen|Kitchen&HomeAppliances|SmallKitchenAppliances|MiniFoodProcessors&Choppers
166,Home&Kitchen|Kitchen&HomeAppliances|SmallKitchenAppliances|DigitalKitchenScales|DigitalScales
167,Home&Kitchen|Kitchen&HomeAppliances|SmallKitchenAppliances|VacuumSealers
168,"Home&Kitchen|Heating,Cooling&AirQuality|Fans|CeilingFans"
169,"Home&Kitchen|Kitchen&HomeAppliances|Vacuum,Cleaning&Ironing|Vacuums&FloorCare|Vacuums|CanisterVacuums"
170,"Home&Kitchen|Kitchen&HomeAppliances|Vacuum,Cleaning&Ironing|PressureWashers,Steam&WindowCleaners"
171,"Home&Kitchen|Heating,Cooling&AirQuality|RoomHeaters|HalogenHeaters"
172,Home&Kitchen|Kitchen&HomeAppliances|SmallKitchenAppliances|Pop-upToasters
173,"Home&Kitchen|Heating,Cooling&AirQuality|RoomHeaters|HeatConvectors"
174,"Home&Kitchen|Kitchen&HomeAppliances|Coffee,Tea&Espresso|CoffeeGrinders|ElectricGrinders"
175,"Home&Kitchen|Heating,Cooling&AirQuality|Fans|ExhaustFans"
176,"Home&Kitchen|Kitchen&HomeAppliances|Coffee,Tea&Espresso|DripCoffeeMachines"
177,Home&Kitchen|Kitchen&HomeAppliances|WaterPurifiers&Accessories|WaterPurifierAccessories
178,Home&Kitchen|Kitchen&HomeAppliances|WaterPurifiers&Accessories|WaterCartridges
179,Home&Kitchen|Kitchen&HomeAppliances|SmallKitchenAppliances|Rice&PastaCookers
180,Car&Motorbike|CarAccessories|InteriorAccessories|AirPurifiers&Ionizers
181,"Home&Kitchen|Kitchen&HomeAppliances|Vacuum,Cleaning&Ironing|Vacuums&FloorCare|Vacuums|Wet-DryVacuums"
182,"Home&Kitchen|Heating,Cooling&AirQuality|AirPurifiers|HEPAAirPurifiers"
183,Home&Kitchen|Kitchen&HomeAppliances|WaterPurifiers&Accessories|WaterFilters&Purifiers
184,Home&Kitchen|HomeStorage&Organization|LaundryOrganization|LaundryBags
185,Home&Kitchen|Kitchen&HomeAppliances|SewingMachines&Accessories|Sewing&EmbroideryMachines
186,Home&Kitchen|HomeStorage&Organization|LaundryOrganization|IroningAccessories|SprayBottles
187,Home&Kitchen|Kitchen&HomeAppliances|SmallKitchenAppliances|HandMixers
188,Home&Kitchen|Kitchen&HomeAppliances|SmallKitchenAppliances|Mills&Grinders|WetGrinders
189,Home&Kitchen|Kitchen&HomeAppliances|SmallKitchenAppliances|OvenToasterGrills
190,Home&Kitchen|Kitchen&HomeAppliances|SmallKitchenAppliances|Juicers
191,Home&Kitchen|Kitchen&HomeAppliances|SmallKitchenAppliances
192,Health&PersonalCare|HomeMedicalSupplies&Equipment|HealthMonitors|WeighingScales|DigitalBathroomScales
193,"Home&Kitchen|Kitchen&HomeAppliances|Coffee,Tea&Espresso|EspressoMachines"
194,"Home&Kitchen|Heating,Cooling&AirQuality|Fans|TableFans"
195,"Home&Kitchen|Kitchen&HomeAppliances|Coffee,Tea&Espresso|MilkFrothers"
196,"Home&Kitchen|Heating,Cooling&AirQuality|Humidifiers"
197,Home&Kitchen|Kitchen&HomeAppliances|SmallKitchenAppliances|SmallApplianceParts&Accessories|StandMixerAccessories
198,"Home&Kitchen|Kitchen&HomeAppliances|Vacuum,Cleaning&Ironing|Vacuums&FloorCare|Vacuums|RoboticVacuums"
199,Home&Kitchen|Kitchen&HomeAppliances|SmallKitchenAppliances|YogurtMakers
200,Home&Kitchen|Kitchen&HomeAppliances|SmallKitchenAppliances|Juicers|ColdPressJuicers
201,"Home&Kitchen|Heating,Cooling&AirQuality|AirConditioners|Split-SystemAirConditioners"
202,Home&Kitchen|Kitchen&HomeAppliances|SmallKitchenAppliances|SmallApplianceParts&Accessories
203,Home&Kitchen|Kitchen&HomeAppliances|SmallKitchenAppliances|WaffleMakers&Irons
204,"Home&Kitchen|Kitchen&HomeAppliances|Coffee,Tea&Espresso|StovetopEspressoPots"
205,"Home&Kitchen|Kitchen&HomeAppliances|Coffee,Tea&Espresso|CoffeeMakerAccessories|MeasuringSpoons"
206,"Home&Kitchen|Kitchen&HomeAppliances|Coffee,Tea&Espresso|CoffeePresses"
207,Home&Kitchen|Kitchen&HomeAppliances|SmallKitchenAppliances|RotiMakers
208,"Home&Kitchen|Heating,Cooling&AirQuality|Parts&Accessories|FanParts&Accessories"
209,Home&Kitchen|Kitchen&HomeAppliances|SmallKitchenAppliances|StandMixers
210,"Home&Kitchen|Heating,Cooling&AirQuality|Fans|PedestalFans"
211,"Home&Kitchen|Kitchen&HomeAppliances|Vacuum,Cleaning&Ironing|Vacuums&FloorCare|VacuumAccessories|VacuumBags|HandheldBags"
