order_id,customer_id,order_date,status,total_amount
1,"AECBOMQMFPCFZ2YYN5SAQTT52Q5A,AGDMYQLJDG7WITISOEIVCEJWV3AA,AG7JD2UYSH7NDVCB4FOHEKNHW4NA,AERCPMXMGMUH5YB56JZXTD23FKFQ,AGTA4ISMM3QZ6LTUP63C4WIKPWMQ,AHSZCGWJCJJWOQ2FI6TDIDES2WTQ,AHEGBS6GMG6ATBO66V4I544GIQ4Q,AHHL6WFI4OEWNPTGO4WEDF6B7WXQ",2024-02-06,Delivered,719.0
2,"AEBPX652YIDCC2QXOBBBXXZREV5A,AHB35252LHDGWNDLIDUOMDN7RCWQ,AECO65DQ3UZY67KSSN3RSKVWKXYQ,AHD4I5YSPMHXVVRGS4TYHZXV5KJA,AGLW6Q6I2EB54QMWQJTIQIV5WPHA,AF2Y3I2R34UUCFXU4B2SBYXIRIFQ,AFI36ZLFDFH42B4RA7PAXXRQTDAA,AETDNAYCLJMDIBHBHDDOHYNDNFTQ",2023-02-17,Pending,5936.0
3,"AE4KODYP3MGRZS2JI6V7ZWVI5CHA,AEEETBDP73H6344UQ5FJSUBNR63A,AEHKKIS4WKMVCADF6Y3HMR5IRM7Q,AHQWAOSKNRUVK7GN5FZJL3UYLV2A,AFJDUYYD5BCY5PU522GYHMVIS4VQ,AFQRUDMIIMRA32Y3JBUQNWFREEUQ,AGSMSIDW4O7QLQGWYZQQMDHWGR4Q,AED3V5KQXHYOPY3IL2CUQITIZFHQ",2023-07-01,Pending,4497.0
4,"AFR4DPHPUUE5HOH5IDNMNRCEHKBQ,AH46L3MY3OLQQ4JMDKONNEEHZNLQ,AFFAHR34UGZ7SE67ZFHBOPTN7VOQ,AHRQADD3EE6BOUUETM7PULXPEKUA,AEHEFYAEHA37VQC4PACWPXVNWP2A,AEXDJ6HWMOC6SRGLWALYYHWKXDIQ,AECLJOFG2C4ZUAJUS5JW52OCJGFA,AFYINVLESD3NKJPONL3Z5Y2QLHFQ",2024-04-02,Cancelled,598.0
5,"AE4DPKX5AMUCEWM4543JPWAZVA2A,AH2F6TKL4URXVF2VLVALIU3LA37A,AH4TRU2DCGNKR6IR7W2RIZ5VGILQ,AH7JD2XKCXB32VIEPM4ZMZPFOWGQ,AGUN5Y5M3I3FV5N22KYZUKPU46GA,AGUFGA3PLAEHPSQFXRBSE6LUTOIQ,AH3E36EPFQ2YJEZWSCIN3TQKYWLQ,AFXQA7YBNBU7CB6QVQ7MYYUDP3LA",2023-05-30,Delivered,1877.0
6,"AGNRJFR7GTAKNDLEQNVGQMRVURVQ,AGKFJL7J7K55WKEOE2PSU5WEXEAA,AFDHJS4AKUMVMWYEP5HW33C5NQHQ,AHA46ZPX4RCAEYAPE2XW7RQES5IA,AH4LJDHSBLPNJYLQGQ53EQ6DBVZA,AFHWTIWTNOD6HUF5VGHUIVQB3VKA,AGM6RW6V2RSFD5F6ILCN44YX4Y7Q,AHIMDVA5GYWGVLVSZBG3ZFVKF5VA",2024-07-19,Cancelled,7065.0
7,"AEAHCVLMYLKLICSIKCTUS54NVQ2A,AFRIWQJKFSDZKTRTU5RSBKSQMIVA,AHFQXP2EQZOT7NTNHK5TMB6QA5QQ,AGLL6YL7RHHSDDGKWQO7ZIG3TXDQ,AGT4T2NBHXL5XVSRRCKSIGW7LDJA,AEAZZCC5KRGSGXGTGBRNK2O6IDAQ,AGBESE5F5QORNV2B6HE4UL4AMZ7Q,AE7QJ5FKTIU6K26GFQWGMXKO2MGQ",2024-09-03,Cancelled,6823.0
8,"AGMD2UVAWOKO3W37KGZWAPI3ZB6A,AG7BC5ADBMW6EMTNHSDXNEZACGSA,AEN2I6AIAPGVXROMHAQ4NMUTOP5Q,AGZ626GSSJDOAEJZAPBMENWXFR4Q,AGDJLGA6BF6G4XFQ3ZWBHW7QZFHA,AEC7RE5DTPOP3U3VWADY32HLOKMQ,AESZAGS5TOO5QII4XYFLKFAWSZIQ,AGC5YGA5PCE6NZE2KKTR5KY3E3PQ",2023-12-15,Delivered,4283.0
9,"AFQ7AUYJOIE2HH63KIUQK45ENQ2A,AHT7TTZ5JOTUL7CYSG5BBVPKD37A,AFB2AKARKRKHAB2PUCALX2GXOM3A",2023-10-24,Cancelled,308.0
10,AFPKVN5KLHB4MHSYDS25Q5MIWWKQ,2024-08-12,Pending,6285.0
11,"AH4WZKCWB4OVUG2LZUAFGWSVS4WQ,AGR2F7Q2IMX7SXVQ3FE6EKNYPPJA,AEJF5A6THJTEEMQ567QOL56EGM7Q,AF4U5DZT3ZHTXHRKEL57ZPBZFF2A,AFZ3VECWAVRV5NH6BCMVMAN3YO6A,AFTFOKKNZPW4QEUQGKTB65FF6ZAQ,AEK4UQMVF6PAOC7IYVVOF3SE7PYQ,AECOJHWYPDNQKUVPWJ5LW3W4WRXQ",2024-02-16,Delivered,4894.0
12,"AGV6QTOYJLPJ64XHY7VR6NKFKHVA,AGBJOIF64YPNCYBN3MWABUMRS46Q,AG3RH7VYVL25QFOCSWTZLBLZIV2A,AGPNW3GNPQBPFFAZ5BREYIKQNFOQ,AG5G7QG722YPXMDLWSEQUVDKDXXQ,AFRXET3VPG5BJ5RK7GV7BNWOG5AQ,AGF4WOJV2GZTQSBHWSMDHUABDSIQ,AH5EDRMYEIINDSSSX37FROCR4NNA",2023-11-17,Delivered,4851.0
13,"AHOYUSKWQFXDLOTRT43FCSHP3WIA,AGUVNZPD7JF3AK422LRYK6R5GOJA,AGVJMKJLZZGBV7VOYJGQ2HZKELXQ,AH7RKVVU3Y2ZGA4WEW5RXKMQWDLA,AGSODW32ZSTEY4AMCL24COIXUV5A,AFK4V6NRIQGVYQCCBMQCSLRG2ZXQ,AEK45RYTIY4GBPAVTYBHIA6OGYDQ,AHVNGU6PZRRCJEDDJMZOTR5K5K4A",2023-12-02,Shipped,63578.0
14,"AFMJDZKFVMHFW64W22IJYRZLNS7A,AFQ7WK2RARMAY3NCZVYXQ5OH2XGQ,AEGVHZAPQ2JZ5NRAROTG75MC6PUQ,AHXQBGXJGDE2LRTXCTNKJA4ELAEQ,AEY3S4MECAO4HYQZYG4CTY7EQAOA,AGL76XCJ2EWY36ABPD25DHZRMQMA,AFUC5YIDC3M4XEGLETZWLMIFJT6A,AFTW6YWBCDN5KJ4MWVXSFPHJRD5A",2024-05-03,Shipped,96787.0
15,"AHPYDFW6Y3FIQGD2RJPBFF5QNVRQ,AG7DTVYZDY2NWU6V2G4KSIB67TDA,AHNQJPSI4I23HHMRHCCCI7QOBK7A,AHPOQQONRLZMHYLDKYP5SQOKRIEA,AGDD5ACY3AGTMTVBQOC3DMUR6REA,AFZV4ISJSNGDUD5TU3VYMTYQ5JGA,AGKPRGZCV5XK7ZNVLQWUGRB6CVVQ,AE7DX25DQCE7MXLEASO6I3YLWHRQ",2023-11-02,Shipped,29885.0
16,"AGKMK57A4J54JG5OUHPMVGGPVUKQ,AGZAT3N2CULLOY47CAPOZIZ4IWEQ,AGDVKUWO3IY3NBBLOGIPEYI7AQGA,AG3GZQUNY2SEAOLYGGMUN36D36HA,AGYVTXWWOOWXGPOCDER3AH6ZTTSA,AF2ESYW7THWXOTQLOYLOR24YMU7A,AGEECPGW53BWDVGR3FIUX54YCUWQ,AEX3W4D5UHGTLDCIO6KWMSD3QYIA",2024-10-24,Delivered,19244.0
17,"AEKSR7FVH2XR55S47DZZLAFA4KHQ,AH2Z4CKZS7LRJGKNN7CBOZMQ5SNA,AGZOQA4S3KYQ5XWA2NNCVAPL5NAQ,AFAI2HVZTWZTAN4VOOOMVS5H55VA,AEQ2H25C6M6LFUM7FSHRKM7MMHOA,AE562XMNDX7ZSE5LXF3ML73JYBFQ,AFVF4DJMF7VPQN73T57F4CZT2HGA,AEN6F63NGBECRWCS3ZXU6TVDF2XQ",2024-06-06,Cancelled,37470.0
18,"AH42ECAG6LPCU22T5BYN5OXQO74A,AEW6XI52IO3H37U4WJ7TT4MQUIQQ,AGGWS4PPWKSNOVP2LLYNQK2Q7NIA,AG4GACSXM3RJ2UR3NTYNNR4YSHYA,AF7MSVVI52V27OGZ3FTE62QFWNBQ,AHQTTEDMJWGPWIEVA6T6SN2VOJ2Q,AHI3ZFOPJRASPDNKTIADQFUDLCJA,AHLHAY6IT22ZQX7BOBY6TV2PHC5A",2023-07-21,Shipped,51252.0
19,"AH2ZL3XW4QRBYIRYW5ILLXDH6A5Q,AG5EFWMU7ZA7UZV5X2B6KZPV4AJQ,AFORSYTI4AZVIRIMM3FZLNVMTYWA,AESO35ZBYCHLAWHSRFTJZGS5EDVQ,AG743FAA5YAG2Y2ORETMSE4FE6KA,AEEGO3RFZPTW2WUQBMW4S3SMZDEQ,AGVIYVV3N3TOZTZRNB5W5LOM7P4A,AGZ2G6SOXDGP7M5FUNMQZHSBJVHQ",2023-11-20,Shipped,299.0
20,"AEZB53KJUQPIRSWWZ2SUY6RRAQBQ,AGSBS2YJLL456NQVC5B5QZPUJTJQ,AEWY6T2UJKGOH2ANGNTSBT6RIE6Q,AHBQJUMIK5PCBS5BOXXXXZXPWSJA,AFUV6OAP3USNBV34JGI4IVNUVYSA,AHANTM5UMDC5BAOCVLTX47H4HXLA,AHUM7GQ3FUS2UTPCF3JPGU2PZGUQ,AEVKHWUPE7W4ZIG5RFWKJ2XX3UMQ",2023-09-28,Pending,31965.0
21,"AHJHHQWQ25VCIQHG5XMZN5MRZFYA,AFCFHU6B5RH4YN6DNTLUMY3CILHQ,AGLNHKFYTWDPKIAIQTE4UPB5I7ZQ,AEZKRUEG7M7P4JGJEVHMWZ3MGFPA,AHXWYJUQTCQRTQG3XYEAAYI3EURA,AHYAIOJLTBNK23OEWQ2BELX3PVXA,AHPP7A2M3LU7BWBZVIWXBNIVAPNA,AG6FKYZZA7HPN54KNFM5EIKJNDSQ",2023-08-27,Shipped,570.0
22,"AGCWHOWHOTWSN4J2TFAXUEZZUBXQ,AF7COMJXY3YJUCEUEC67ZFJ5H4XQ,AGLEJTZLEMONKAC3DV6ZVJKNFQQA,AGXSNJ34NKC5WUWNLAPAUMTDOI2A,AFVHJSKGY45HGBLZAUIWDMNEXFPQ,AEH5PKQJMHETBOTMVZZU77XAOPHQ,AFPFHOITRATHZVILCGAOACZDXBGQ,AGJVNXCQNOHPS72LI4265DJ6TQQA",2024-08-24,Pending,28078.0
23,"AEM356PVXFHAXWV56KDO75FS5WPA,AHVTFTBEBRRJCG72ZG7ABDNQSAOA,AHFTFGF2YB5ZEUB3NC3KOBGZBG5Q,AEI36WUCG27UYFAGDF7HX74VEGIA,AGW3NGXVSGUB34Q5V6ACANURQMGQ,AEIMBDWSM42YEDEE6476WUXFZJHQ,AHM5MCT3ZO5Q2MBYZUDB6UI5AXLA,AFTPXYKUNENYJVDOC55L2CJXPXFQ",2024-10-22,Delivered,1797.0
24,"AG3TIHPAHFYCX3XQ3TQ2OB5IAJXQ,AEEMOUFPIMWI2J6CNO5W4YVLLIGQ,AGYRJKVCDHOZSCEBLMMF6TJOABGQ,AHBZXXSXDSJOQGRFOU4HWSLI2FUQ,AGK2XZ26O6Z4X2UHLCOQIMBTU5XA,AEOPL2SDEVUZWVK3AE2MQOLZUTTA,AG3BY5SSMLL664AT5KK4UFBUCWZQ,AHEKRSI27SAKA2LRISAOQH56UFLQ",2024-03-03,Delivered,179.0
25,"AEXCQMYUSJFK3Z4POJQTN7YOHRVQ,AHETGN27YLTEFPHLK2EM3JEE7JJQ,AE2NBVHMJEM7COMHX2XJ4UPZ7D7Q,AFSIUC3ZDSMMALO7LFNQ46WZMU3A,AHAO6YBR3EDW2EMTABK3HCGJ6LDA,AFHUNQB64BPF4MYZRRLEYY3KW4JA,AE4VZLYVX3UP3NDMCIFWLLDGVO2A,AHNKMCRLNHO3LUTYPZ5C4WBK5JYA",2024-02-07,Delivered,9237.0
26,"AGNE5T4E7SEMJUDM4COI6JBNJQBQ,AES63PZGZP33ZVO55CCO2WYML7NQ,AHQYGDH4CNFRYRTPCENNJNJHULTQ,AEMDF6YAXYO7WQUIAFGEULA7NWWQ,AFDV4H4KLTJ55TV4USUXZQ3SM47A,AHHGXR7CKVXIJ2ZT7XLLXW4DK7DQ,AEBMBHYSJBU324NU4URUAU4RHB2A,AEYMLF2UAU4DY2LCCDIDPFEIAAAA",2024-03-23,Cancelled,14774.0
27,"AEE5XXQWRVZSVDNYTBDR3BY4PHAA,AHBJI32NFYYFJRSI2NZ3RGNYYNLA,AF2H7SUW3MQY6BK7UCPQQIEGRMTQ,AGRZAB2LJP4QQYHXKK3B7UW6YF2Q,AHOI4MSGDEZLYUHGIGUGTGYJKDXQ,AGVPR6MD63A3AKMWVSTGLXNYTXQQ,AFOIHDXLNQ6URAZKGT3UND7PPAQQ,AGQJUVEAZQS64J4PFY7EENAHF2QA",2024-11-18,Pending,6097.0
28,"AFWJEGTWPLJFLEMNP6NHQWDEMR7A,AGV22RRF7Z7DKGS3NVGKRNEVDPFA,AHPNR55J5NQA5XXTTCGPUOLYWUWA,AHT3UUMHP2J4D5ED2J2TLSX3NLFQ,AFQ3EGHF7CJXP4Y34JIDWCOFQR6A,AEUAMC5SJIRMWLY4X62YAX4LFPLA,AE5JHZYLGZRTLGO7DJ7OGLD3NJZQ,AHNJTY4AOWAXORD6ELSDX6MCYHAQ",2024-01-04,Cancelled,33453.0
29,"AFUR3EWCD6OMWNI7EGYK62PDJL6Q,AFVKECCQ756MXVGQDFS3JMEKXUMQ,AGMXRWYEJX5URWOJFL6BVNS33A4Q,AHEHBCTR33JSVI4LYVXGDRE7E6UQ,AHYTRVWVQPG2TVM4E45YUD2753AA,AGDOV2OBW4Q2SW6IIJIZNVB76TXA,AFA3LPNRI5HE56NA7IV3NN4KYJ6Q,AGJX72ZLJFKML3LS6N7WXRA4RF3Q",2023-04-12,Pending,1785.0
30,"AEU7DVFEL43XZ6T4D572W2ZLBRKQ,AGWOH7CFDMUVW52NMZWQBKBNNQOA,AGZN422FGG7JO3T5YY6IVUELOODA",2023-07-14,Pending,4740.0
31,"AER7IMDKY6Y2NLWEIAOEOEMWPTQA,AHBJI32NFYYFJRSI2NZ3RGNYYNLA,AFGIZWFPMU77SMMBFMVKCNRBXPOQ,AEHV36BG2B5DD6MRSRAJMEFNF2GQ,AEDONSL33XUU6IK7HCDLQEPV7GGA,AFIXIYJE5BEMYL2TLUYPGAPYPC6A,AGT2K7XLOKTPWOWG32DBORMMK4AQ,AEPSOFO2EJJOVKNXXBISGJWVHCWA",2024-02-07,Pending,8460.0
32,"AGXE6V4HYRRDGH33H3NE7PGF4D4Q,AFDW67WRZ2IJI7LQQP47LWZJHHUA,AFQVWAIJE5R6L6CSOOEAZ4SB4LNA,AEY3BCCYNITGIMQHCNTZIYDPA77Q,AEIYOPETQ6QHPCWMGJIFDTC5FQIA,AFBICVVDSWHTB37XUM72SGTRRL5Q,AFPMPHWQ374TQ7ZCW3RUEVPQLVSA,AGAGJNDYID4G47KUQZVTWOGT55JA",2023-06-24,Shipped,2455.0
33,"AHPRNMXR66DD77CEYCS5XWD6SIIQ,AFSP434VUSNRSG4UX2ZLIWZXZ2KA,AEBIJEXNYPRKO5MKEV6Y3B7T3CCQ,AGVOEUHI37YTWKDUKVJVBC3EEREQ,AH6NMSZEUI2NAFVB4F2ZHK2IE5SQ,AHMBCE3D5FLL2VTWRXIWZCXIYXRQ,AH35ZZDDDXAUW4RYSRKV4QYYOS3Q,AF2BZP4VGYYRYIHU2HKLQUSH4ETQ",2023-04-20,Pending,1587.0
34,"AF2CSPPKO2SSBDRBRGHC45BWIELQ,AGW4JUROHW7KRFM5ZCC2JNH4PAXA,AEW6W7DN3VIG44QTVU52ZBJOFH7A,AFU5NZ6LAHLUZ5OGIDR42FCDQAGA,AEYJ3DHU5M5R322RG6PCYUWWCXDA,AG4FCICECZZK5SGKS5PG2PLFSVPA,AEPQQCHQYPREFBONFIWGNSURTKCA,AGKQOL5HGTYAK4XZZA45NTA2UZQA",2024-05-26,Delivered,471.0
35,"AGKKNM6BD3A6GKIOIIX4JJBDLDYQ,AFD4QMZGWAYTZ3UNBOFRY6VZ2RTQ,AEWCCNZCVTSPJOV3Y5WKHQNKOMFA,AFIWLA4V26PMEUGOVI5YCG3P2CQA,AEF43YVI4VWAPHIJ6PVL72WYMLZA,AFTIKI6VVBGFNSNZNF42LO54PYDQ,AHOQDOFZZ7JZLFNM72XUCART76XQ,AEUKN7UQLOQ63SSRFPMYFGH2T5UA",2023-03-31,Delivered,2381.0
36,"AFZBEV4BOWGRSEH2PK7D65ZW66PA,AFXQ3YGENWMRX36NXEBSR2ROPG5Q,AHD5PGE5RBBE2T3G427T32V7OROA,AELM6ILLTWBSXJXOKMNA2GM3DTKQ,AFXYY4Z4QM34XOLVVYKZSNZGBBBA,AFHZLQ2Q3GSCQCWMF4N66DXXVJCQ,AF62LB4BMTMNZXCHTSXSEKCXZFLQ,AE5KLF5JEOL4PMUGKERILYLPDSNA",2024-04-23,Cancelled,64487.0
37,"AHKAX2IH662IVTVKNQJC356T3D6Q,AG6I6TM63SHK4H2BFN4VQREFP6TA,AGBOXTHG2BN67HMZCECCRG2PEJ3Q,AF5M4O2XSTVJINIWN7PC25HM625A,AHLAYQQK6ENDYDCMO5IZFMROZKZA,AG2SYAYMSOBCNG26IZLXO2QVFIDQ,AFM5RRUS4OSG5GUU4HJH2GLUZWYQ,AG5VYWN77PG2COOPPEMMZIOFVR3Q",2023-03-02,Shipped,7310.0
38,"AFD544VTKFVTUBCBN3HKF2KO33TA,AFGRUPW5QB7WCNB6QKBQJWLRD4SQ,AGRR6GRZAAPRWPGGLWWM6CDWN7RA,AGJGG57T4EJP24EKCE3C2CK4NW7A,AHVU5PK5OI6FPAUBWIMRVJI6R6TQ,AHMOWP3T2SGVWPONQFVMQF7VXWKQ,AEZVTURO3RCW36HWUQCQOZNUVTUA,AHW4IKM2QWQX22HWYCOLRRSLHPGA",2023-09-02,Cancelled,939.0
39,"AGOWF5LLDDKUJTPYF4WOO5RKT4JA,AGIJWXZQV3F5BX3NCSWDZVKK4RCQ,AFJH7QKP457YR2ZYLVCPSMM5SWHQ,AEUFJD6BX2IQCSBOKNA7MQFE7QKA,AHCBFTWURJCUA25OV4KMXCRKG64A,AFBJK7AC7CHF64YGGCYORLZKDJPA,AFS3FJBEMAQT6KHZEAOPUHRCVQ7A,AFCWNR2KVRYPLSRP4RNLWZVM6TSA",2024-08-10,Shipped,23862.0
40,"AGBNLIOKIT72A2TBLG6A35XUEIMQ,AFTFMOXP7SKX4NJJIYLRJ4TAKZZQ,AFQAXRM4XEA72PNIMWCW2F53ISWA,AEBDUINAFKTVCCEEHAXKR7AG5LXA,AGYKZQYHVADBHYAL7U5P7F4KSRBQ,AECVPCTS5NOO6MT4NUYJJBUT7COA,AHKUEAEHUGIV6L2V7PGR7PCJ5JIA,AFU6BDGJZI74Y35UXM2RWQLLTIHA",2024-09-10,Shipped,4346.0
41,"AFCN4ZD2X2EVUUDSG4BMFT7YJA2A,AHDHRPKNTBSBYA3MRM5PYQVL32NA,AHVUIVUWUFPO7Q7OJKIUG2DA4BFA,AEXIJCTRTURULROTIL72CGUX3K4A,AH227Z3F4JYYTDOQOAYSZKNVWUKA",2024-07-09,Delivered,1098.0
42,"AHYXOMUJUKZHBWHP43ZAB265EDGA,AG4C27NTZZ7HTG6W3ADZYHAUEZCA,AFYACVFEH3NFVZ5LGOPEBKBCLSSQ,AHTHUJC6TX2WAQ5SO24MVWJONMEQ,AHIJ2RAFZZHMUPJJKYHE2CU7ZNEQ,AENGHEFJVZDD5IE57TJ62DY7CY2A,AHOKBMECKUGAAX2ERFRKMQZNSR4Q,AE4PHOB4VRRT6W2L4E5TT4QROAWA",2023-06-25,Cancelled,3856.0
43,"AEJQT5NMTAM2ZRPQDNGLOL6NTKRQ,AHIKFQ5VP6QGYQK3GJICMV4U7ULA,AHWEF3345QLMPIGGOW6VUYJZEFDQ,AFLEQIFCKD7EUBQTHJ7T7XF4MWMQ,AHLORXFV6I3JRBNER3O6DIOVWM5A,AH445QA3XXIV6FPASBU6OBICSLYQ,AHT6SE3YNTHR76UT4QDQKBHEH5EQ,AFFKCAWOTYV7EXKMDMQ5NVRRUV5Q",2023-07-20,Cancelled,2145.0
44,"AEKJYGHV46KB5CVLQS54Y77VRNDA,AGDONPW67V5WB44YKDWUNIOUCVOQ,AH2G773PSDMH6YDWZTQV46JBDUQA,AGH6Q37L7DIEWBSU3EIR5G2M2IYQ,AFOJCT5TZP6RXPWS6JH3AA6XLGFQ,AH5MGTEZZ3XQQ2VDXWYOWDBBOAOQ,AECQAMC4JK52F4BZZJ23CKZEWXNQ,AFMLNZDRKLSCQYTW64DIOGHX4ZXA",2024-08-25,Delivered,21961.0
45,"AEULM3CY4ND6RQZI7TE64I2BNOWQ,AHT3QSBKTAPMXMMZHQYBKPCCXXLA,AFNWEVF5JQ7ENJHBHIHTBYUZBXYQ,AGQNWKU6Y4KUJ5VINPKC7UGSMCFQ,AEPVIJMCNS4OBHRA6D5ZXYVNTXZA,AGE7NMAHUEHPYGY7HXDJVHUFMMCQ,AFW6KM45ORMBEVYBQ4QMSGG2ODOQ,AFWFPCA372BJOQZ4WQNB54ZB2SKQ",2023-05-10,Delivered,5726.0
46,"AG2REE6BFNII6CHJQ2HQCG4Q5BWQ,AGPSJBF6CTEE4MJG3X5Z3DMJEJZA,AGY545OCMI3P63JWXM4QMK7QXCIA,AFQBNWTWNCOQH65QJK2TGLWRYCJA,AHVFTQFFKLLV5IFJDEQBTF4ZFI5Q,AH7XAZIRDIDE2HVRZAZ4J4BSG3NA,AFJI2CTQBDXHG74Q3R6S5RPYTOWQ,AHAXO75FQ7QCFXWMJF4JNHNS3A7Q",2024-03-24,Delivered,5894.0
47,"AE5DRZFQN56UNHWLA6RSKDLDXU3Q,AH7G7F5V6NZQTXGNBULKUK4X6UXQ,AEYISFG3PXSZTUJS67PADHKW55NQ,AFT2SBIE45E3P46X2VFYXXR7JTDA,AETRLDW2AUAQJPHLEUIYFEZBBU5Q,AGOXIKCKLMADHJXOXLKL2XKPA3BA,AHTDOMYCLQT2RTXY3HVZBMCDCI5A,AEUMGPKAO6GBV56NJMU4XM5S76EQ",2024-11-22,Delivered,45637.0
48,"AFTS5BKDRY7Y23B27UVBE2V6TOHA,AHRIDJXYEBQS7MXFDZ7AAX3AACRQ,AEDHFXMKZMTSZUD6ZDT2EAIJBQUA,AHBMWXLEXHMD3QWGJ4BY7XIDEDUQ,AGVSEPNAZEEDAMS3QS6KVA7XYXXA,AG2ITB7GSXUQM6CODSEUDY2P64DQ,AG37JT3DBXZLS3HJHIAJZUA7A3LQ,AGYBSDZV56GWQP7LHLWIBBYLJF4Q",2024-11-25,Shipped,1965.0
49,"AF4OLYBDMHJV5DUGONVIH7GU2V7Q,AEZNF3N52DQTHYBJ6ZKUG7UWXDIA,AHJ57SAHKACWMDHRDRNH5UXKQXRA,AH4FR3DUUHVLCFVUWCBTGF7BXQKQ,AFDFQBUFDOO44TCLCYJUSZFXRGBA,AH2JJHAQBJCR3JS2MWWMMOJ4JNPQ,AGMA33G2B4VFZS7GEQGKDFA7YM7Q,AESE5F7Z2OTRLIJKOPESC73ZQ72Q",2024-04-27,Shipped,942.0
50,"AF6FWJDVYLDXCQ3XUAMYDIMTDE3Q,AEVREAMLELSSIBFZAFMHJZHZOCEQ,AHFQHRUOXMDEODCDMN7DAH7O3XUQ,AFMEP5XCM2UPBSXEMETTX2WKYZXA,AHP5XVXHFNOISFJBZ3NQX75EC5QA,AGHNC3MCDVNFBHJE57OTC7AOT6YQ,AEYTSGFWZ4ZRHMCUB3CPKEWFHMEA,AEDKRMDACO4VWC4ERJ42X6USUNTQ",2023-03-10,Shipped,1198.0
51,"AFUH5D4EYPVUKL6RIODLMEAZDVEA,AG75QN74MJP35SGZVQCK7S24TBPQ,AFR3PNU34Q3NU4MZDAQTEVQGYJNA,AFEGTYZ3KEHM3T6Q47CE2F3QDTZA,AFJE6BAJEFG4B2OMCFXYFXBSWR5Q",2024-04-25,Cancelled,1070.0
52,"AFS6NM2UFY5M77EWX5YT2KBMWBVQ,AEBC5L4UVUOB45BUSQHLNHGZC2JQ,AGF2ODSIJFBYL52VO3O77F576SGQ,AGYWLAKGGNH4OP5G5WPNQUJWLVPQ,AHNZZYO7DIGCLRTY76GJ4D5Z676A,AEVYKVKVPEDFXLD5ZL2C4PYUPVUQ,AFZ32GLS7WFVSLNXGJBJYFJWWSUA,AHBRCKJY6F5ZLV7GSUC3IXI6OSOQ",2023-01-16,Shipped,598.0
53,"AGSP27IDVRXVVRJOLLTCIXFFIOTQ,AEKRTMFO55F2OPZOVRLGDC54LXGA,AF6ZHIURUWRGFOT5DIXQKXESA4BQ,AGLG6I5ESBM5JREGA7MXG77ODXHA,AHESEQ2NNWRCDBHDPB2CWTOLLZQQ,AHOZ3E25NUK65RTQ2KLYE74PTZ7Q,AEO55TYWLKVPVTNYRZZ7DNGZFSQQ,AHMGNDFAZFEDLG2QQBUI6Y5CN6GA",2024-06-29,Cancelled,7797.0
54,"AFMIEGKNXXCMLWZFOBJ2D377PHVA,AGPUPI62IFNLHIAOE66RZ5FVZTIQ,AHZ5DVZ5VTJKMDTENJO4AZF7E4RQ,AFTQIPE7G3JCQMHJUU5FJBMP3MAQ,AEVLJEOZYZISEJ62IBSHVFIOVGHQ,AFOOAZDIA5NTHBNJ7SCIHUSR5WHQ,AHTOWZBM7RQHHVCMS3FQA7XBWSIA,AGQ2BGDKE2PWZ4Q27KVXUQQA67XA",2024-09-17,Shipped,4850.0
55,"AFM3PEUDKST5I4ABCDADACT6UJCQ,AHIWDTUXZ2KUNE2BAZOWMZVDSS3A,AF6UHDAZK4ZALHNOJKQAZH6HISTA,AFUGI4MVDD6UIXUSOAONN3CJGO5Q,AHIVOVS2S5CODJ473W3ABVHSPSMA,AEC3N2HJPRWIDJRQNOE4CO6JCVUA,AHXODZHY6I6ZB3I5IUMGMLXCX2KQ,AEKIKDXW3S2LXR6V6BAV5LKQSYQA",2023-06-24,Delivered,6335.0
56,"AEKIHWXMZFS67F2COXCDUERH5PXQ,AEEOKIYMOYNGBWPWP3FJDCRYUCMQ,AFSV27BUBBO4RXKL2XTBKTIPEOSA,AER7VVMGX6M6QAMBZFMCQ6A7MZAA,AE5GTUXFCCPSGKHOEKPPBZXXFH3A,AE23WGYTUMB5R6JJMBU4V43JIW7Q,AFNMQJFHA6ZOCOGA7SINBVYAUIPQ,AEXW3VTOJOMHJUJV5ZQILFLJYNQQ",2024-08-16,Cancelled,93767.0
57,"AEWPCJ6MCXV32JXQHYGODOOEIJNA,AGFSVYPXDMWJWF53N4TWY3SNOA2A,AGAI5NULVI4W3QO5HBFOWS5S6TDQ,AGLP2ACOBJSBZ276KMDD733NQQFA,AFERMHRNZA7G7HIN2RS6LAQHZOWQ,AGLZSXEKXHXVIG5UQTP4ZSZ7GLTA,AGZIS7T3EPMSPXWTCFAMAOA5Z6UQ,AER4JCC2IQBXMZOIVCLZCAKLPBTA",2023-03-18,Shipped,3597.0
58,"AGUAYQHARAKR2VZTRP276KAGETKQ,AFKTST2773VUOKUHE7FCR6QCAURQ,AEGLHOQOWUUUQEDV6EWXTSHIUE7A,AEHQYGI5L4FFALBMC5XMT5KXSZCA,AHJFXFGDAXEHIG2ZLUWVMZ3LWPBA,AEP4CW3UI7AJ7XM7PAAKVCB6U3ZA,AHIWCPCQ2Z4HWEM7V4HGTLVZQM6Q,AHT4JDEYWRIQGCA2WAQJ6E2POHCQ",2023-04-03,Delivered,102370.0
59,"AGQT36ICAXRXAG4IXZUULJZIH4XQ,AGKL2QQZYTI6LCC4CDJEGIV3EDUQ,AGFI73CMZKYLOYXJFEQBOGGVTTMA,AELXR5NQFM7D6VMAQLQ75LZKBRQA,AEOFVQUVTVP7AU7TM7IZBXJC3NOA,AHG33QRWJPAIDBY3URAHOVO67T5A,AEWCPYNJLQRK7UW54HDWPA45R6SA,AHLDP6L4GQIF7MJWWMNALXNQXYEQ",2023-12-07,Shipped,71796.0
60,"AG23N2Z5CVKFJZ6ZLIYU4NQTDKFA,AG2T5VLGSYCC4K6VINWC2USGSDJQ,AHZHDTTEM2NV5MW3BUGSBU63WTWQ,AGCFGQ3GOFTORIPXP5KJ7ZIB56ZA,AGZMM56YS4MIVU5GTMUXWREFS7PA,AE6IJ467G5TQ72ECC4ESEAAE2BUA,AFU3MFN7EXNXOFFXW7NUKIKIKOAA,AGQYYL7HPZZCZQXA3ZV66J6RXZTA",2023-03-03,Delivered,11658.0
61,"AGWW6QNDSOJD7QJMPIUX6ARHJNYQ,AGBTCEQQM6J6NFR5SH5RLAFUGFTQ,AGEBDGHKAWRQ3G2K5AKRTQTCKQSA,AH6ZP7UHCY3RFNPXJFR3EKEVNR3Q,AGJ7O6CXXXUN72WOV5JID7X7ZBMQ,AF3X5JX4FUQRCMHTMKZUDHWJ7B4A,AFNYWWOJRBL24SML73HBJVSRXMEQ,AFK6FJPTHV56DSXXPAMBI4F7YUCQ",2023-06-27,Cancelled,3598.0
62,"AEWC3QIWDPNHJSLVO6MS62ERGB3Q,AGHUOIOWEX6YXURWDJ2GKP4N3EGA,AHSL36IV7KOAEVLS3T42EFK465DQ,AEVLT4QCRE27WKCLR5VR4PZBSYYA,AGQ6C3N3XSQHBM6BPN3L4GPDHMYA,AEBISQTRTH3NWC7NFQ4QOZVWLHDQ,AGHLM2F6LPX3PYPF4W6YUX52R5OQ,AF7ZGA2MQVDGPQEW5EUSVLMFVHLQ",2023-08-18,Delivered,37295.0
63,"AECNNZVKQPR25O2GJGFWLHBH367Q,AF56FEP276BYOI3GE7GYBD2GONQQ,AHN5GS7H5SE5ZCFJH4KQOWDUKARQ,AFDIF43EHQD67SR2HWPO3W6B7FDA,AFUVPBEMV5BKKLHXC35CUJ45FV6Q,AGWTCY3ED5Q52QJACMXUFJ32UUGA,AE2IJXBP54QRMOS6COSQSEWEJ6TA,AGGC7EXQIXQQET64Y4ZRMOZBK46Q",2024-12-01,Shipped,24549.0
64,"AEG6NCZPUEEC3YY267IS3YMFRBWA,AE3S562OZDGHRXCXEO6AXOU3W5AQ,AE4ENCSAVBVYJVFC3GMNMRDSD2KA,AFREKZH5BGM747DB57WHR4RTR3QA,AEIFPFERCLDOHEDLTL4AT54MGQYQ,AEEGGAYRYXP6RHFL64B5MD5RVOKA,AGB7JIFSP63DCBEXSQJ7NV4QOYMQ,AGTVC53G6H2H6XPYPMPKWPVMEYNQ",2023-02-14,Shipped,4045.0
65,"AH4LJDHSBLPNJYLQGQ53EQ6DBVZA,AF4BWMWZI7TTQY2YTE2HTHRB3NHQ,AGG22XY7PCKPZDT6352IVLL2H34A,AGTO2SOXJTD3K6T7WPUHCT6SUMKA,AF5CIA2LXA75JJFRVWLKGOLKZIHQ,AFVHCWF76EOX4NMKE2ZUU67CEOBQ,AGUZMT2E4HNC5VF25OWLAUF6KBGA,AE3GY55N5USCMWLS2JIO7CZFS5FQ",2024-08-26,Cancelled,598.0
66,"AENQUXAACC6E53BRVBZPXCC356OA,AEBGRX2UHNMQHYKUQFHGDUPE4UCA,AEEWHS6M7UDMDKWHZSVVHGW5JJUQ,AHJEMKM64LMY6YJR5AE3RMA2IW7Q,AHZHKXL5TIRPYY5YI5IUSYODJZSA,AHOTFNEAM62KASA6YHCDNPGNNZRQ,AGFQZRCAAKEW5ULV2UIU4RBI6IEQ,AE6ZHG2AXD6VPRRT3EUFSGVQJKOA",2024-01-10,Shipped,43367.0
67,"AHBB6UBYHJ5FH2BUFQ2BCXHWQFJQ,AE4S7RU4C77FN2E57NMJIFAMH7RQ,AHAUWOVUAQX7D73DVER7HM3WKQZQ,AFVUKW5J3PRPHQ5ZIFK275YXQOPQ,AFXAQKHWVGXPXQ34RWZX3QER6MFA,AF3Q3H3ST2EQI2CBI5V2AZFGETRQ,AGI6BX5V7Y2QSCVLAAHXBHEHQ7VQ,AHVWARXU523WDIQTATHFC5NICFFA",2023-06-28,Cancelled,2298.0
68,"AFEKMA42BV5FJVCTFCTNOITU3J5Q,AGYM2FPHHKUVNPT2XIIYYCELGB7A,AEHGMGXA44JTSSOAKBIHJ2MXUJOA,AEQZUVSKU4NRHO4CPHAV32E2RBNQ,AHJ6KV7SLE2A5BW3MIEVW4BR7MXQ,AFFCDFQM4F2QGZUHKZYVVVTRQWAQ,AENA5ZRRFZPAB2FNS4TITBW5O6ZA,AEHNATRKVLZZ3X2QKTLTSJN5SOXQ",2023-03-01,Cancelled,7868.0
69,"AFTXFDZKRU76YNC2ZIWIBDVQUPNQ,AG5G6IU6RDTR24OHO3LSE24JCVEQ,AGLR7ABVBBQZGXQHSD3M3NW43F5A,AGUHS3IE6FV6AU5UAXASB5FFMDZA,AF67VBH4E2L4FO3UZ7DU2CEOEFHQ,AGQYXIT75Q6ETXCF6C254IQEWDJQ,AFM6Q2NEWHU6FNNQFBKTFXZ5E2JQ,AFA77KJVXMUXJYSHWGGFHAGZJ2DQ",2023-06-17,Delivered,199.0
70,"AGK76H5VGHDWFQD7JTHVKZNQ5BHA,AHWXK2FU23OBRZZUAXLTBDI3GMIQ,AG6MJ7SV33TYEKAWZOY7HBZ2W2WA,AGIVUEKXGQYNDWJ2UDEE6T24G6LA,AH7Z4E2IL2MTD636EXSVY3BP6DYQ,AEQTIHVRG63RUHQ6HMSZZPITXCSA,AHYTLAOGOPXGT32G7WO2MNPWKISQ,AFPZ5LEIQUTJBH4TEJFQIQT327NQ",2023-05-25,Cancelled,5378.0
71,"AG3P4IMSW644U3FQ2765XNZFNC3Q,AGDKW4WQN3ZJJ4CVYLNXLCK5CNIA,AHU5TPA2UXOKQ4DDHN5RNZVBZLYA,AFHAATSERIT56U7QXWGJIL4MO3KQ,AFX5VVJ6G4NBFDWPMRQBFLYWEW6A,AFUUXVY2MHW6RYIDUUOPR2HDA5OA,AGZRENIZWCVXGLGXBQR4KWQZK6AA,AEBZFCW7Z2OSX3FS2DVMINPUZ6KQ",2023-02-22,Shipped,96777.0
72,"AFENRIT42SOS4O7C4PHSKJNNWIWA,AGJW32XBQ6KVXXEPOF2F7TXSI56A,AHRNCTBMQ4Q27ECKAMZP5FFDOWDQ,AE5QM7YNLDN264RDC3P7GBGFYUEA,AEQOF2P6OUP23GYS2CADPFTMVJ4Q,AHOMVPDRQ74UCNTIWQKOWVZVCVSA,AG5ZVXUMPBZT7QYYE23JJU3HTLLA,AHP3V6CE6O6VEEGPQMAT7WEGTVOA",2024-04-13,Shipped,135718.0
73,"AHL2CPZ63TFC3VB3RUVZVPFC2YZA,AG6X53SP2LB733ON4RXI3T7Y354A,AGR6UE4GCJKWO64UOIRUNFUGTL7A,AEIDO6I6DOUJAKJX6VR6C2PC6ETQ,AGI2Y5SCA6G6LPHLNAJOLCNAMEJQ,AFRCI27IITJW4I7XDL5GNZUQPZTQ,AHVKJVDTF5KCHA5NBPFC7QJAMHJQ,AEAOO4M764H7IQUU3CTHRMQBB4SQ",2024-04-13,Delivered,62096.0
74,"AFAVAR36WZOZ3TA3WC3KI2OKYJ2Q,AFG2M2SXTLVAQPPIADLDPE4FCLEA,AG4RNET5VB3G2D37WFEHZV764UYQ,AFNEINFKCBDEN7HOKXHHXVU4LDTA,AHGEURQ45YJNNNFH5RU3XS3HVOXQ,AH4IHZ6OEORKRRITBR3OU6LV2RSA,AF4K7PLAIOCYLKM6GPRXS43XTQRA,AEICD6CA4XTLZ2ZLKBJ2NQWSAGGQ",2024-07-08,Cancelled,1490.0
75,"AECBOMQMFPCFZ2YYN5SAQTT52Q5A,AGDMYQLJDG7WITISOEIVCEJWV3AA,AG7JD2UYSH7NDVCB4FOHEKNHW4NA,AERCPMXMGMUH5YB56JZXTD23FKFQ,AGTA4ISMM3QZ6LTUP63C4WIKPWMQ,AHSZCGWJCJJWOQ2FI6TDIDES2WTQ,AHEGBS6GMG6ATBO66V4I544GIQ4Q,AHHL6WFI4OEWNPTGO4WEDF6B7WXQ",2023-12-13,Cancelled,6176.0
76,"AG22QSZIES6VEC3IVAGKQD4N7WHA,AHFGWOU2ANAHIK6VUKI267DZO5PQ,AE7JCA7MTQHV6XTNF2NQFH5DG6KQ,AHKW2FPVJKYDYZOTMPDW4CIXUHLA",2023-05-02,Cancelled,24592.0
77,"AG3TIHPAHFYCX3XQ3TQ2OB5IAJXQ,AEEMOUFPIMWI2J6CNO5W4YVLLIGQ,AGYRJKVCDHOZSCEBLMMF6TJOABGQ,AHBZXXSXDSJOQGRFOU4HWSLI2FUQ,AGK2XZ26O6Z4X2UHLCOQIMBTU5XA,AEOPL2SDEVUZWVK3AE2MQOLZUTTA,AG3BY5SSMLL664AT5KK4UFBUCWZQ,AHEKRSI27SAKA2LRISAOQH56UFLQ",2023-12-07,Delivered,99.0
78,"AGGXWYRLPMULBPR7OXPEV6SNOMIQ,AHBKNSJNHRF22KZYCFRN4CQJG3EA,AELCNLLIFS2RDDTYTLT4KXJRIG5A,AHHS23JALEPKBIT7NAIJDAW3U5NA,AE4ECIOVJONHQF4A4G4GYNVQNPZQ,AHRWF3BGXKDJ4HR7NMPSC4BBMM6Q,AFJ7OTPT4MWWC3XXZCYYKIXEXFGA,AHU2SCYTK66DFVXSMANJZRT2LPKA",2024-10-30,Cancelled,599.0
79,"AEC6UDCEAUIBIFHGQDQ4KR67GC4A,AHRKSUOZXKKDERRY3VZBVMMWX37Q,AH4F4OZIOIIBXGLL6IZIJAXSTDXA,AEGBGS574C35NMBICCMQLC5ODEKQ,AGM7ETOYBL3UFKCLZW36JM6POQ6A,AHM4G7MHKTEAZ7KQ6ADSZOTL5BEA,AHHYFEVKBVQB52YMNNKAZT6C75LA,AGZ54F47MOFAEMWXXR76OUBC75SQ",2024-06-29,Pending,1497.0
80,"AEUXMKJNJJBXOKFC3FADQRG2OIMQ,AH4XLMFRDKQPGZUWFZPCO5CLNVWQ,AEFCRF3XKSLRNEZ35P6P4SCLGIPA,AGAQWV5XLA3XNG4ZUSPCAKWDKK7A,AHFQD5KRJY7BD46B7QVH6J632T7Q,AFVYO2JECMG7CWP5JCMNWSIU5B3Q,AHVBDKH2WQYS37WL25RFWGDSLLDQ,AE5FLXF7GOUMGRXJNSX6UBK4SVNA",2023-09-03,Shipped,2976.0
81,"AEDMOT4JJAD7UCEFLEA76Y526CGQ,AHEXPGZ2QS4MXA5LDPULZPVLYBSA,AGZXI6YFQBL7Y6ZH4JOLRETHVDYQ,AEHFMY2XIP7P3MZV6KHQVLCFKWBQ,AGXW34DAO3AACVXOXNHT66PCBGQQ,AH2MVSVVA6YZM7U4DBKDG2XBZM5Q,AG5LI22SGAIXYZAJXUDGHUQXIKOA,AGQEYE3ZA7VXHMGDQLZM3VL7DNZQ",2024-08-12,Cancelled,1959.0
82,"AG2CJB47VQE4AVBUYWE7TYPVMYHQ,AF22S3IGZ42YVFNOUDYNCLY4PPQA,AGXGNV2SG2KY4LW4NEOUHYHRYMBA,AEKFLRYWL3QNVPL7XAUSHYTELVEA,AFKK5EPGR2CMH2TV2EUSQM4END4A,AG6KUA5QTEDKKUOCTE2UCBTYFTQA,AET4Z7TNR2S4KEE6OHUGLTJQMNFA,AFULLSOLYZR7NWX4TA6GFPF2UQAQ",2023-08-30,Pending,63396.0
83,"AEF5RCDWM36RUTBBON7LXA26PTCA,AGLAZIZLDXX7FKDCSJ6ZLKSHW47A,AGUL3ZHFKXB2FHBKW6EMPCOZBV6A,AGGJYZTRMD5LELUKQE5ZNVQ326BA,AHTOUZO3OWX3CDI6OWWD2QY3NYWQ,AHY7SA7H5WSKZPBFECKTY6UWHFAA,AFE7A5UHWCAOYQVYDUDDHOUJFMMA,AHXG6CXWUZKDMM5DNC6BELMP26QA",2023-10-29,Shipped,1897.0
84,"AGO5SRT3ESLNL5WTRQFD5BSIYPQA,AGGNODUMRADB3PQQTLA3U7UKYEWA,AHOUPKNSFRTL4F3KLBXFMEFJSKUA,AE2BXTBQXZ54NAE4NYNFSBR2WREA,AFC3FFC5PKFF5PMA52S3VCHOZ5FQ,AFVUO24OGRVCE6Y7NXYDIOQZONCA,AFJGD6THKLQUOW46YHUM7RY2IPJQ,AEXCIDSOW3GVBORUKET6SP7RJ2PQ",2023-09-17,Pending,3190.0
85,"AGQTTQWEOQLPO3PV6XEDCWZHVFNQ,AGYFG44KAEEQOVYBQRJHPVD32R2A,AGOPG26AJCZ7HH3S6SHL5EYLB2NQ,AFNTWPGFTBDG3Z4KM62YI5AGUEDQ,AF4FBOU77LUPQUR7IBGUCBHELUIA,AEOBRM4MERVEHV4O76DQMSU5CQKA,AEBBA2BEZHS7VHTVPTM33SUFOPLQ,AFU3RKW2HRVHNL6PFIZ7Q3ZYUSOA",2023-06-26,Delivered,1895.0
86,"AEREO7C5GLYYYV6YXK7X4UCCQTJQ,AHWISRUJUCJG6UH4FFVSPKDJS2BQ,AFIKGABHNR4JSITY4CNM6TMO54EA,AHTWYLMZUCB6QUCNPXWZ2PCKDGRQ,AGBIS5BRLLI652XO3V53YOJMZXXA,AFUT3A3MXCM4JN4XUGMFUMFDBACQ,AHNV3R7QZYE5QVEV7QEEBFO37HTA,AGSZW5C5GBRQXPA2MZ5XNZ7LCRQA",2024-05-04,Cancelled,8295.0
87,"AGSMOEVIV64A236CLW3B5JHPYQIA,AFRQJEYVSY2LOMYVJL5BXH3RP23A,AFFEO6RPTLDT5MMTV2OVV4H6PEQA,AEFJJHEDW3VJRIQANBUZTZNYCOPQ,AGZT5PONY6EVMJE2FLZV6WDQJ4FA,AHQCJNQP36RHELFJEJ67R6KZ76CQ,AGYEJRMI35FOWDV7JK76YPMMQDDQ,AH4GBZYOUGBQQ2XQQHY6WKQZTIKQ",2023-05-01,Cancelled,7626.0
88,"AF4MVO4JNFDEPWFKZO62OAJKRIWA,AHVPAXEWPATRASBKHOBI2I3VRLGQ,AE47PRQCNT3YFSESBLAJOH6MSCFA,AGUOSXCR3PDNC2K4X7O7QNRGPAWQ,AH5L6KKTP5ZQSN6GVQB4ZGXOM2DA,AEP5OZFTG32NCC34GCOBFO24W6RA,AEQXLMRCT4ZS65M3ST5YV6AOZG7Q,AHZXKAGAJPIMZJD5XJ5QUIYR3ORA",2023-03-24,Shipped,675.0
89,"AFBFA6KBCRGWVDW4KGK4IGLOZOMQ,AGWE57ZFO2W7KE4W6DUUKGFDFS2A,AHDEJNJ2AC2S56IT72GATCSDCD5A,AG22NVWB5NWRKIG3YU3FV547ATKQ,AFX5MLF4YHBERVPZOKYPHY3KYYYA,AFVAWKSZHBYC7JWPLEDGHUTTOPBQ,AEBDNHLXROGGOSFVHA76BYKSNO4A,AEEGGTGGYA4JE55NEKYL4DOOZANA",2024-04-17,Pending,2362.0
90,"AFSZEPUJZUDS3NRVEAO5MHUCAEPA,AHU7IIQ2UVTKGV6WW7KMOU6LTXFA,AF76XTK3GUL5U7RJUHCGDNUF6JPA,AE3AAKFCFKJRKT76B4KMGZGIQNOQ,AEN6TRUOOVQSGJ2OMP76ATCWQRFQ,AF6Q6RSLWNO3YXJ3KHFWGSFMU5UQ,AGCHBCFVIMD5WH4P3TN377OC2LRQ,AFMKVDP5GTOGGOS2QQ6DONW6SJTQ",2023-04-28,Shipped,27473.0
91,"AFSG325V4OVLV4CZQO3Q4OIHYNAA,AEFIFPUVWYO3I3N2P2WD7XLI6MXA,AGZA77NZOFDILVEQM2OA4JCW6YAQ,AEZNI2AOOQKK3JT2BBLMNAPNYJCQ,AG3XIMGKJUIAVY5V3MVT5EQU6W6A,AHKW7DHRIBCVNG35XNH6SEJWI5EA,AHAWKE7CIEPMX6PGO6LF6UNT776Q,AGSA2QU7S2ACENHUDHPQBHRZTIHQ",2024-05-12,Delivered,249.0
92,"AGHG6WZFWKAYCOJU6QMZHYDRE54A,AFWQNHRUPQTARC3F4UKWPQF4TRSA,AHU3VEDJKG6OTDUXLAHJRKFXZYFQ,AFT4RR5NOUV3SV4DAF4EMMD3U43A,AFWFSLAC7CL5SNIGOEERFGNG74SQ,AFGYFEYGHTS5QRQ6WTYBPJUADAMA,AGSY42AHUKI5KGZBZU3SAGJBWHQQ,AEIEQNRYFSUJ4WYXO4BTUHBCC5IA",2023-01-17,Pending,1200.0
93,"AHH2TIJJ2IGD5H3DJO3FROUHRRSQ,AF37X7ZH7JPA6H5Q64NV6QFIBCYA,AFKT7LV4XE6XJ2VTHCBHPQECW2RQ,AE7GGDNBOHD2JQ2X5JPD666SAQOQ,AENNAVVG4GBJKDQKJXQUEKQKTXGQ,AFPSO7EYQBYVEJGD4TAT7YFCM6UQ,AFV5W5BR6PKGHPIG3J6TNFK7BSXQ,AHILALAA7Q6SQRTFJVLT75P37FXQ",2023-03-07,Pending,5392.0
94,"AGAELRYPMTG5SADZPDYB343EASAA,AGFN4JODOM2NTFCJQOHDBQLVDJTQ,AG7EZVSAXIVGMNDLSA55K7URQCJA,AGGF75HIEMB67OU7J3RDALBSUKQQ,AHY5CI4SU6JBYPIZ5RLAGO6W3F4A,AE4KODNBVTDCZWZO4HZM4GTRERPA,AH6HFHSYOY2OHMODD7244DHG7FUQ,AHRW5JERWYAJCZO65PDKZSOEPR6Q",2023-06-30,Shipped,36171.0
95,"AFY3XWUSTQABIV5OERXNLAPIZBTA,AFDIP7UX2AVN7Q42UVSPWBZDSKJQ,AF2UJQYDINULS75GB476GZ3F5HKA,AFBYRGPVHQDBRHAQHZYD5JCR2VMQ,AF5MN6PWXNKK5XXQPOD3TDRDO2YQ,AHEKP6OARUMDVOTRLNM73MQ2LYSA,AEV34N6R33BELH7SXLEZFWBCMJ3Q,AE4YIOCA5OVDV3GCCYFIJZ3XEKCA",2024-08-17,Cancelled,1578.0
96,"AF4PTAVL6VZB5QTMNHLKUQ3LMZLA,AGI4BM5ZRGDD4KB3QH72FI37ZKRA,AE26ZTVZB6CB4VML6JSTYTL2QG6A,AGLRTBQ52OBASLMH3FAS7DJDB5TQ,AHKTDBCHIOLSIJYHGICL222OLCCQ,AHQ6EYMJ7JXCKR4O6EDJ7P7FW77Q,AG6ARD7AF2XBUTKPW35SH7ACMJOA,AHP7P3UVBYKC36AWMWNY6V7UTIQQ",2024-03-23,Cancelled,5797.0
97,"AEZPNXZLF5U7XEX6TOW3J56C3XDA,AGG3ECGCIKNPZJEVJKMFI24VBSCQ,AHJWICC6V4BPVHNSGZ3FCIC4KUBQ,AF3SNGFXLO2ONOHN3SHCJZMEWYFQ,AHTBWFIYIZUPOLJC7KOWKDPK4PGQ,AGNE5T4E7SEMJUDM4COI6JBNJQBQ,AFMW4FWA573DFJ2FLM5SVSJ2RABA,AFMZYKMUK4P6MPASSKTR6OB22Y2A",2024-01-03,Pending,22886.0
98,"AHMV7CFP5QJKQVZUWZJHE4HZ2ICA,AFZST4HYDBQ6XVQACSAAFUDJOIKQ,AFKYVEINPQ32ZQGZEDXOSUWEDFQQ,AHWOFQXJDJDNP5RV6PBCUOJTFI2A,AF4BOWODXP7NVQUEXZ6UTVGLK36Q,AGK7QXGM6LN3H4ULO2S3OFXH7LBQ,AGA4TH7LEY2HBXJYTK6Y4RA4LWDQ,AFVZYHLIYODBCD6G6VOMDXWNTV3A",2023-07-26,Delivered,1752.0
99,"AGDOVGWZKEQ3M6DA2GHV6WUZT5SA,AGEUXHN7U2Q26CM6TFOTW7GZXFXQ,AHYXZVXUY3QTBP7IBFIUBSZVH2XQ,AGO4OKG6KVBAAE52Q62JBKHRDFFQ,AGOARJLTS744KQC3BTKT5KQVOJUA,AF6XISKAQXTX3Q5RUF2M2VKOJ66A,AEP6PYK2DLTD5UCMURSUNUE4IE5A,AHJSNMHQQWE6LMFRATH5LLJBQQXQ",2024-08-25,Delivered,112407.0
100,"AFVRAZD6HB5ALMMLJRZYAA45RKFQ,AGUO5ELH4U5ORQ4F4NYJQNZNTX3A,AEKTWPXEMR5QE53HL2AV2SVFK2SQ",2024-12-15,Delivered,597.0
101,"AE3PTJFRVU3YM5YFYN3ICDA5X6FA,AGF5DMXE65QXZPJX6BJANVMCGHGQ,AE5VM7Y43HENV5JBN7JB4LCDHO4A,AHBWFF4SD5LBHN6R3W43JNZW4A2A,AGSOXL3BMIL55ANW7OYCFRBWUGEQ,AEY7GHROFM3MCCHU6VOU5GAUQNCQ,AE6ELRMJIUHC3CN34MMM7JRL5RBA,AHDXDGROQRENYUGOZNF4LBVDF73Q",2024-06-08,Pending,12976.0
102,"AE6QIRYYQXWBXRANCBNV7UQU3C3Q,AFR73WEZI4S76UC6WTRTOM27ENZQ,AFCBKJAWH4J2UWEUQEGSVYNFT2YA,AFDKMC6DZFM4M7BKRFA4APKCYZHQ,AECLFSQIEBC26S2ZU7FRYDI66W2A,AFTZLBOMSZSCBJ7CK5VXRSA6FGMQ,AH3HKWLRRJWVLWWNSNRI67WU77ZQ,AHMPP4TKEPMV7DE5QB5NSFTTXUPQ",2023-01-25,Pending,599.0
103,"AGS4ODHNPY3TQGAIJFDY4I33URHA,AFFSSRKP2H3OGXCIJXFM4EJPPYOA,AFZ3M7CZNIRAIQ7MRL5IOMSSDREA,AGCI75IEZFCJRJTO6PEM5QECBNEA,AGCDE6OVTHMBS6JH5ML2LK6ITAEQ,AG3NJTJII7WAT5XWQ2K5AATDZTXQ,AGVNPLKC3QPYKKS6K6WXYP4LCCAQ,AGHEWBWCR2RQ6TTCX6RYM2Q4TZAQ",2024-05-12,Cancelled,7435.0
104,"AHA3JEZZDQPHSAYB2HWK5HNPXHIA,AEC4LE3IVY4QZXX2ZBLZJSVOLOMQ,AEUP2YQAYTICDXIVB5EASRFTVCNQ,AEUCRWSKNKIQ3QJBO4ACE46VDSCQ,AGXCGSQGSXQLI2VYDZ4H77C6QCIA,AEUQPBHW5WMPYYEEPVOA3ZTI45HA,AEHQNWJEJY5XIESTNJAGD7LXQUVQ,AGYLMTMZXZPP2XBWQQFJRGJBCAMA",2023-02-24,Shipped,23634.0
105,"AF5YAAI52AMX6HOPQF2J3SOJESLA,AEU76NMTP5BLAI4YLE37G5UXRMMA,AF5SLHZEFIV3ISEOW2STG3EWYNQQ,AE45TP5ZURNMWK6GGPJ3F75P4ZZA,AHEA3K6ANMNJUJMNXADMGWWCQ7SQ,AFIRCW3B6RJPGLBHGXSYUWY27DNA,AHNBZ3WPTLGJBSD4DMHKPHJ7XDHQ,AHCEOI6ITIDUNPWUJ4UXVSLL4YGQ",2024-12-12,Pending,5968.0
106,"AHFENRYJG4LPXDTUGEMG335VICSQ,AGSV37DJ5QTUYOXFJNPD4W7GXVFA,AGDEVIAYABTMIJLTYWTUS5M5VBTA,AFKDGUQ5TMGT3PXBDHAWPRE5CACQ,AHWENSYYF2QDH3EX4REMVGBEMMLQ,AGJOGZAGBMX7PBCUAILD2YIM5MAA,AF5EHUH4GWB7JZ3PZ53Z2DOYK5WQ,AHHT4VWMFYSASNW6RH2Q65C6YNDA",2024-01-10,Shipped,43895.0
107,"AGTN6JPEMBFO4TWE6KBORDHUBFLQ,AFGCP3XJSMEMPBXYIAUFFT67QV5A,AGEBCI52WW5TLSTSVXEQKIUJXNNQ,AEURGK5J5MME7FDPQAWLXQ3NI7KQ,AETRLUIP2W6M5SWB7NYC3MEVREZA,AENQ5OYP5QJ52IWF3GFV6YCUUERQ,AHKUL2YWYC6CI5RC4Y4XYWDU4LKA,AGOCOZTNAN37QJEUVITGZMDAJV6Q",2023-12-06,Pending,2640.0
108,"AGIHTJB62LSES5P47SG25CPSV4IQ,AFLAZ32RGD2TCCZ6RXZSJTOPYUZQ,AGUO5HJBINPLO6XJKQ2PEMYWNJPA,AGNQNBLTVVNAB6NKW25OR3CFEBZQ,AGBLMAZ6GSLLNNDLH7WQPPGKG6YA,AFEC2BL5KGRD3QNBBU7AKNFT3DEA,AHQ3YSPSNJ6PTH7GQ5BAIYDVIQOQ,AEOV5M2XBOTAJ5HEJVKZHDOM2PYQ",2024-01-22,Pending,11979.0
109,"AHLGRFI7QX34GNBZPPXAU3XDMUEA,AGJBEJ5UYM34YEAF3O66X6ZXMJ3Q,AGCNLEMAO7Y3K2HRVTJUR46ADX4A,AHF6WK7M75GMQD5UBU5KL3CYR3PA,AFUNWCVYZL6R7BTREUZR3HWRTULA,AGJZZHGM6QJ3Q2IZZAMN3QRM2YAQ,AHNE2UTXIV6QYFTLJCK7NJQ3UFQA,AH5PIM77X6TCBZ2GSUQO474JGLZQ",2024-03-21,Shipped,1047.0
110,"AER7IMDKY6Y2NLWEIAOEOEMWPTQA,AHBJI32NFYYFJRSI2NZ3RGNYYNLA,AFGIZWFPMU77SMMBFMVKCNRBXPOQ,AEHV36BG2B5DD6MRSRAJMEFNF2GQ,AEDONSL33XUU6IK7HCDLQEPV7GGA,AFIXIYJE5BEMYL2TLUYPGAPYPC6A,AGT2K7XLOKTPWOWG32DBORMMK4AQ,AEPSOFO2EJJOVKNXXBISGJWVHCWA",2024-04-15,Delivered,299.0
111,"AENY7MQ3WUVPIJ5I5GPDPMC3NKPA,AGUCURUVW2ZY4B5WL44GZABDZVJQ,AGRVCQ36H2PTAYD7UXHK4NEGENYQ,AEEIEOI4H2XLUKSM52M7BFRT2LDA,AGUYRXOKNFIRS6UWEO2LW3R3SMPQ,AGZ6A52CLFHFAYPVVQ2S2UDBKVYQ,AGGPRBEO44FFHMWGTEGYJIBTPHMQ,AFVQ33NU3HR2QB7KBRNEKKO2REHA",2023-11-01,Delivered,4796.0
112,"AEUTMRODCZ5QP6FRYACICHQHJGJA,AGBAIGEU4LX4TAQQOENWMZBZCV3A,AHDSUGLHNAFKFMGKJPLS5HLJFL7Q,AHBRTDUHKMIYUZLP6W7RM4IMFV4A,AHK6Y7FOVUIRNCIYQUA4BBIKXOGA,AFH3LWABFWVDV36O4EA7EDMVB7OQ,AGK46AGUBC3MLDF3UJFYKYVXX7JA,AGZ2OFZQWKMUV5RUP367QIUEDFWQ",2023-12-29,Cancelled,558.0
113,"AFE54I72EV2YOL6POJCHHP3Q5NWA,AFKLES3QOCRLIMJWHPEJVGK4RX3Q,AFLBOY3G7HT3TAYCHSRFBXF7M2MQ,AF2NZ4L5OXBCMZZ742VSQGWU2F3A,AF6562TF5CHMMJIIAO2TQPNYVMBQ,AGO6LBIRJDSVR7FW4BD5JS4OGLZA,AHSO2XARBV6CWGPNXNBK3CJU7FBQ,AFNLIVIY3LPQ6FEX2UHW4WGNOUAA",2023-01-01,Shipped,45297.0
114,"AF7IXQKBUL6NEIQG4R53LMJJUGXQ,AFVFGVFOC6WUUL7VZ3ZSBDAFMPOA,AHIQYP5QKXYWXGJC5Z6YGIZVQTKA,AGCXB54PNFRXYGF7NLH66BHO6S7A,AGJTDMCUUNZJRJKAQGZNFBSZUAMQ,AEBHV4MEUEGYYUNRYNMTNAEZFRBQ,AEFIFJIV3YDBR7WKSDYX4JEQSCDA,AGJ7FX6Z4B7QEM6DG2BT26XG6XWA",2023-12-29,Pending,149.0
115,"AGRV2QBB6JEZZOFFU2SXQ6MD4FKQ,AE63YMXM3DHXLPTNVJHJ52BUA4KA,AGVIZXWQFUOANBYPMIQ6GY5XG2SA,AFOEZACEOW6XEVSVUCJEGHS6U2KQ,AE5JZKPJIR4HTZPWNC6ZPYMMGNBA,AHDF7YP2MU5KXG43ZVYWMMQNHJMQ,AEHGQC3G6B3IWI6OD7AGD353D6ZQ,AG44OTCJB3ZNRPLXK2KTM3R4RGRQ",2024-02-15,Pending,19795.0
116,"AEKZNJLC7X57UF3F4STP3GSIIGJA,AGPESHJAGFFNOORA77CESB7XBDDQ,AFP6VTPJTBO2PC47S433EJWP6MDQ,AFVTXEYL44JFAYLMKFO7RGRQGKNA,AF62IKENODH7IRC3TVNOMP4PN2NQ,AEPPS42KFYOB2D4EZGAE4DDSL2EA,AE2YPAMPW3WE3EY6YUGZTOVDZMEQ,AEAGP3KMHVFRPDKOR7TNLXYAKA6A",2024-11-24,Shipped,6098.0
117,"AEMJJNJTRB4DQ2EMQQRJ6N2SC2XA,AFEPOALC3FJQEMM2E5SK2EEZFXGQ,AHZ735URYHBXW26225HDL7K7OB7Q,AF3USN76IP5JHXKWGCXZ4JL5FWTQ,AECUDCUUNINQYLQOYTKNXGMYWIDQ,AFN7F4VMFMSGDUDUIRMKKWLH75QQ,AEXWFIXSKJG3JJO56XGKHSMF3VAQ,AF6HB6GYUYNZ4G4FDTQIGQK76WSQ",2023-11-14,Delivered,4497.0
118,"AGPOYBESW4JLTMELJLGMLV4JKJEA,AGJ2XZ2PPFHMYQ54KPSUGDLHTOIA,AEPLOFVKFHPQH4DFHKQXGKWL24NQ,AEXK3LPRGQWVMCIQZGHHJUBHHAZA,AG3J2PDHKL63SV6RT5SZKPHEJM7A,AHNO42W4KBB6YAKX3VZKVCLI67DQ,AEGCEHUVRPOYDRJHI4UJVB2XY6FA,AEQ5ZXLEZFYS2Q7GBBW6IDJTH5GQ",2024-12-03,Cancelled,5434.0
119,"AGPAF3K6YHEM7446WLCBQJZWORAQ,AECOALJSL7PRTK6PAPQVUM6BT3MA,AHYSFJSMB2QV5236QBEYJ7TFBMEA,AGT55L7XB6PFMNTDTRVHZTD6W4EQ,AGIGWMNDM3SRININDV7BH7YG3C6Q,AHPG3AAPVL7HKSID4IPJ5MDAMAJA,AER3MEPIVO2UH7ZC2DBFABZIBPSA,AF6LZ57BTR46HO4KDLYUF7UJZQ5A",2024-05-30,Cancelled,1299.0
120,"AERUC72DWRPOM2EHX3YBTBPKYV7A,AHMH6RNLYI2G65HY7POX4SHBVD3Q,AEHIVP567T6DNMLNZKGOVUENP5YA,AGEE4II4FA6IYCAZ47PLZD7XRPSQ,AFE5HMMFE5Z3EJZYWVIOHHTHDTPA",2023-11-30,Pending,31293.0
121,"AGGXWYRLPMULBPR7OXPEV6SNOMIQ,AHBKNSJNHRF22KZYCFRN4CQJG3EA,AELCNLLIFS2RDDTYTLT4KXJRIG5A,AHHS23JALEPKBIT7NAIJDAW3U5NA,AE4ECIOVJONHQF4A4G4GYNVQNPZQ,AHRWF3BGXKDJ4HR7NMPSC4BBMM6Q,AFJ7OTPT4MWWC3XXZCYYKIXEXFGA,AHU2SCYTK66DFVXSMANJZRT2LPKA",2024-07-30,Delivered,67357.0
122,"AE5CXOIK2XJRKPRSKOXHICJHG3UQ,AEMURPMQFSRYZ5R7IKBPIGUEES2A,AHIV6ODNO4FNGOPKPP3HBN5O5X4Q,AGUOJUMISWCWPU7XMVMFQJKZ6OKA,AEXWFPDY7TBIL3CFRZO5BEHA76IA,AGR33RA3JZDOYDL7SJBWTHYKLZHA,AGKBZLURQIRK76CSDFFRHIZSUXOA,AHPJA5BHHKC6VNMIPWMB3R66LXGA",2023-07-09,Shipped,6676.0
123,"AH4BURHCF5UQFZR4VJQXBEQCTYVQ,AGSJLPK6HU2FB4HII64NQ3OYFFFA,AGG75KFRXNLCYVRAPA6D4ZBNTNSA,AFMMETRQBRCB7WX5QNQXV6J3TR5A,AHUADIC4LFJHXZK3ZUCM5GZHP7NA,AHJCBBMUJWQGUJTT477TQ75ZTYNQ,AE2SWHFUXPXFJLITBNYV5YGTI5LQ,AEL77P6YFP7P7EZVBDU63TUTGKMQ",2023-02-16,Delivered,705.0
124,"AGASWLGAJEYSNHPWSR74GSDXU5JQ,AGFT22PQSW5ZDJLFLBQLNNFO6I6A,AFBRDCFTMGH6OFKCC7GQQKXBCXKQ,AGQE66MG2AEU3OO5WWLBODZ3DRCQ,AEKU5BEAVUA6QMUPL34NLEFTPXSA,AFWH2VR4TUJFCVLGMLDKY6QHFPSA,AHLVULA55BHT25TPEJKZCCTPM7CA,AGIRX4TLOCUGC4XPUAFPCQ5TLLKA",2023-02-08,Cancelled,1198.0
125,"AGQVEI5FN545VZMNGYRR752JCSUA,AHMJA6VNTL3MQGWVBYXNUI26DTLQ,AH4OTB7KAP7IRL7PQDKLY5C4M7YA,AFIWQPGVVMPXHXEOCBSOG7COXDDQ,AHAVKIJW3GZCEMG6GGBR2KY7SJBA,AE42NSELZZ36ILVUWVDCPYWS3HDQ,AERT4TSCBIG3ZL2UH52LZBPXJCLA,AGC3K2VMDCOKRMMB2TRB3JZU4HAA",2023-02-04,Shipped,339.0
126,"AHQIYGWISGS2IQAQ3OM4IZHKIV4Q,AGXCRSJZ5RYOGMFVSLNRCILGSATQ,AE4MORXG46LGABI76KRVGV5BCLMQ,AHPN4Q3AZDX3HSUYDT7MHYDIL6QQ,AGBOBQFRZDOF5XPJRLHJYOGRFKNA",2023-02-19,Pending,399.0
127,"AHECNVXSW6REC5TOGBH6OJXIBL4A,AFWAX2O5B5I36ESHPOWZKN25BYPA,AHSDH2Q4Q2QSUYUGEAGPIR22MT7Q,AFSJOIQSSLDDJPOWX3DDKXDA6T5A,AF7YEBOIUIR3AWM2L4PCV2MCTUOA,AGUXZXNTCLWNP7Y5QA2KYEJLBMKA,AGBT7W456GGMVOR73SNSIGLSK5DQ,AGYF2BCD5W756VOY2V5HJQCX4H4A",2023-12-16,Delivered,7929.0
128,"AGBFUWHPPCGWJDR6B4OMKVTJXAMA,AEWESDLVWVAOHCLCTFT3NQHY4ABQ,AFY6NUGEJR3FYO5JQQYPVHB7BN7Q,AGARLHYVHR5YQUAPN4UW6FDDQZDQ,AFDNYZLF2TIOIHCE6XBVDETYLS4Q,AHHBABC6Q734R46ZOTCRCVMIDE3A,AHRL7HWG5QFKUHZ37KS6WGMCSV7Q,AHMXB2SMKANWFDSUQJAZSB3J2W5Q",2023-03-12,Shipped,10896.0
129,"AHDZE7UM6PQPAOJPJJ57QUHGGTAA,AGMGMQ6LB27Y52XFBO7LZIGDTRQQ,AHDGOGFRCP4B5THQ5VKLPGAAJE3A,AG7BFEWBPUBPVFTK47EIJDAYUBNQ,AHFXFKDFNJJ3YLNGE4XLHZQ7SSFA,AEWSD3QCFYD5ADR56HDWBWULBNQQ,AFPLVSCWQRLSJS7O5TQZGYIKR22A,AFZMFOHRXE5LIYRCW2W22ECGWLKA",2024-09-21,Shipped,699.0
130,"AFNXAQBP6KZJYZD554ML2KJJTQVA,AEDNDMWWZ33RMM5UIXXGMEPSUYFA,AHH62JI45VG2IAZW6LEV5I2V5A3A,AFC6K2Z47KTGVTXKS3ZNPUEVLQDQ,AFB7NE24HEWG4SNDZWML7IYYMBLA,AEM3IXZKUN7EH2CFOJS6KL3YIFAA,AGC7SAVEMKWZRSJDQWYIBH2ZOMFQ,AHQS3NTHOXQUMLMUAE3FN4LSNCHA",2024-09-17,Pending,9357.0
131,"AEUTMRODCZ5QP6FRYACICHQHJGJA,AGBAIGEU4LX4TAQQOENWMZBZCV3A,AHDSUGLHNAFKFMGKJPLS5HLJFL7Q,AHBRTDUHKMIYUZLP6W7RM4IMFV4A,AHK6Y7FOVUIRNCIYQUA4BBIKXOGA,AFH3LWABFWVDV36O4EA7EDMVB7OQ,AGK46AGUBC3MLDF3UJFYKYVXX7JA,AGZ2OFZQWKMUV5RUP367QIUEDFWQ",2024-01-14,Pending,1867.0
132,"AHHRHRPMQ3O5NZ3NJEFYSDPS7XHA,AFWDREJZJIDUA2VLFDSNAP6GRVWA,AHFNQ2ZQIAN6HAYSDYZK24L4ZU5A,AHL74SDUOIK6IPSUCJI2JFFSWVJQ,AERQHCJNLF5CWK63G4CSN62UKE3Q,AEIXIXGQXO55K7YHDMNU5G6XVHWA,AHZAEVCLQBC6F6VVPI3OWSWZKGMQ,AFZOXNV5I52MMGRSNIRPW22I5BKQ",2024-01-28,Delivered,1317.0
133,"AHOYUSKWQFXDLOTRT43FCSHP3WIA,AGUVNZPD7JF3AK422LRYK6R5GOJA,AGVJMKJLZZGBV7VOYJGQ2HZKELXQ,AH7RKVVU3Y2ZGA4WEW5RXKMQWDLA,AGSODW32ZSTEY4AMCL24COIXUV5A,AFK4V6NRIQGVYQCCBMQCSLRG2ZXQ,AEK45RYTIY4GBPAVTYBHIA6OGYDQ,AHVNGU6PZRRCJEDDJMZOTR5K5K4A",2024-04-07,Cancelled,11863.0
134,"AHIJVXU2LMW6UBF6VPT4BGMBMYBA,AHFBBCPDGNSDA2ERIF6KEXOXR2GA,AF6CX2IKLSKGPKRPN6IPOSRFH3WQ,AH57KN6LIRGA4AESSXBDXN4IWTWQ,AEOON2BAPI6B52PB6LYJYVT2POFA,AHDV77DE22MRWM57ZJRUBXEH6TXQ,AGVD7QW2HRVYJ2J7LX4RXHRQKYWA,AFBWCVS4ZG4JQ7GII3KFL76SMBMA",2024-10-13,Delivered,3665.0
135,"AGWRDM5YZKAAJ46Y2NUJSMCFD2RQ,AGAOIEU4KTRFNKU4K55O65W3MILA,AFJSEVZLNI3MKTWAMJJVH6N5BQOQ,AHQPMFJKEAFXVC3NVQLVVIPHDZJA,AFPERGOQHKWSN6M6CNDRGQJUPAMQ,AGL6KF3GSYVGK2WIV73Z5GTUN2MA,AFEE2S2P4LI6QSXWSLRVGRLHYIGQ,AGRZWZVM4SAPRBTOALQBUR6N6WQA",2024-11-14,Shipped,447.0
136,"AGOYJRXFFVVGZDJTZV474WDLAPUA,AFU33Y7EUIZTFCE3QHWISRFUAG2Q,AE6DRYSJVPHBCSHCTRNULSU2D4CA,AHSRHKUU5AZ5ONNHBV3XIT6SOI7Q,AGDJSUUWIZJCPVADFXORM7A6KD6Q,AFTIB5G46ORBIMWQMKAWPGRTLR2Q,AFYDOUCV4JCJESNQ57MXOVGSJ5PQ,AHK23XTCQSYWXJS2PHSGZP7TDHOA",2024-07-31,Delivered,7190.0
137,"AGNRGEU74CPJRWEMJZHU67GWHETQ,AEPDYIUTV6ZZGRHTBTUA5SDV72PQ,AFYFUEC7XN6L5GP6AGS57WS3GTQA,AGR5UFKJIRRJ65QH7LAQ3OVUM56A,AEGFVXFBHCAZ4DHUJ2KSAP2RMMYQ,AHU4XIM4RTCDG4VBDMBY5G4CHA6A,AFHL3O7WGXMUCMEX3NRC7SLK2TIA,AHTUPS7WO6UOK73VTZHV6LBBAF7Q",2023-07-14,Pending,2247.0
138,"AGYTFOW77SU6CYA7L2ID3IYBWMLA,AHAHGFYVEV3DXUG3GQFCUPBSHTZQ,AEOVVK7XRSH3T5SSQLE42FWIY3RQ,AE2XSRIZGIHUEHFRYKTLVQIKYFKA,AGHEDHPCRHKYDPXWSKRKEP7HLNDA,AGEM42HY6YHDGMWMGZYPLVHA27XA,AEHXNDAJNJXBV4NGZ2ZWKIPPJREQ,AGQ2KOOSNRJVNY3PYFXFZPRKDIDA",2023-02-02,Cancelled,398.0
139,"AFQ7SOVCXM34BZ7KEFEX7M4TPD7A,AHUPUQJ3RNQZH5SI7ZK5LWNDYXVA,AF2K32KCDE5FG35MDRCWU35PBIKA,AECWYSIVTNLIIS5A2JCCXVV65YEA,AFGRH4DRQCAFVZ32E2HCJV2FY2CQ,AG3VNAPINYOYAQVGDR7ZJ4YQMHRA,AFVCCE5SH4O6EKOUDLJNKCHQCEKQ,AHXGYVTMKDT7JUK4RJDJC7ISMPDQ",2024-03-27,Delivered,2362.0
140,"AG22QSZIES6VEC3IVAGKQD4N7WHA,AHFGWOU2ANAHIK6VUKI267DZO5PQ,AE7JCA7MTQHV6XTNF2NQFH5DG6KQ,AHKW2FPVJKYDYZOTMPDW4CIXUHLA",2023-09-01,Cancelled,1497.0
141,"AEYE6GBRAGTNWEYKWB7FR7N6TDXA,AFDEP5BAQJAZIRI4DYD3EDMU3QXQ,AHX4VILQLV2O4YDRNDB2CDINB3GQ,AEDYZS5DODYXST6PMDSAC3F5NOUQ,AFLLBLLQVZ3QSLIIGODVPUBNBBEQ,AH7CPPNFP5OSHCIZ5DOL7QFIJFGQ,AHXEZJCTKLG7GQLWYZAYJZUIO5MQ,AGVVBU3GUEICPISM53O6W5H4DZPQ",2023-01-05,Delivered,3546.0
142,"AEU3E6TTMRR3RHIFOK3IF6XYSDLQ,AEZYNEENP5XHNOPLJJETULXZCA3A,AEGIDWKG4HE7J5FFY65JSBQTELFA,AG5DWPD54QGSLWJ6QUFERLPNAX4Q,AGHNMCD4YF3P2TJZ4OARR35PZT5Q,AEXUB3TKS66IKTFNZZYLP4CJ2IZQ,AFGWFXKWBDBAQ6Q2FCANAK7ZJGUA,AFZDR5KNLP6HTBN33LC3AZ472J5A",2024-02-24,Delivered,35980.0
143,"AGK7PREKINHWXGPFNGY22DD3HBKA,AH4R4F2GBWKTYFEROXDJIFWWCTBA,AGCUJWCPKIL2XXCLVNXIIA7HHRRA,AGBHIIDMDAHDT54JKNQNZ4VK2S3A,AG3TNZMW4L6MIHXZG4BLGEXDGJPA,AFAK7LP652JWFHXYGYD6DRPSUTVA,AHLDPH6DDZRW4YJZSSOINP64R23Q,AFC3FOLK4BMVVGOHLENHL5ZUXK5Q",2024-02-02,Cancelled,6783.0
144,"AEC5PUIW4OSIDDQED7WLXG2S7TOQ,AGVXOHPJT64ZRYKHIDKVJSJGK6CQ,AFQHWSQ7JR7VCM4SWXXIOB4V3VDA,AFXWZKJCBIHCQFOR2RFYUE7UQDSA,AGD7VGYGPRKMQY3XXC4U3XIDF5CQ,AH23AKG5YNJYJ4Y6OYI5H6UBQMLQ,AGKNJPIVMVEHKL6ZFBAQ3CTFZ2KQ,AFR7B35PQ2DLHGMFBSCRIUUVLRWQ",2024-04-11,Cancelled,5093.0
145,"AHLGRFI7QX34GNBZPPXAU3XDMUEA,AGJBEJ5UYM34YEAF3O66X6ZXMJ3Q,AGCNLEMAO7Y3K2HRVTJUR46ADX4A,AHF6WK7M75GMQD5UBU5KL3CYR3PA,AFUNWCVYZL6R7BTREUZR3HWRTULA,AGJZZHGM6QJ3Q2IZZAMN3QRM2YAQ,AHNE2UTXIV6QYFTLJCK7NJQ3UFQA,AH5PIM77X6TCBZ2GSUQO474JGLZQ",2024-02-26,Shipped,19448.0
146,"AFZRJWGYUFNULZQLL27PLZYMTYFA,AELUUSXPQUT3DD5LODET67QZYXVQ,AHN5GP2G4PSPXMVTCK3D7FJSUMFQ,AHXQK2APPFORQPV6E43FW2W6DVVQ,AGH3POHLPXABF3I4ASSGTRXAUPPA,AGUKWQ7OYGHXWZQYRBDSP2V77KDQ,AGRFG6LVUVOX5TDHEZULKHHKYK3Q,AGXBRUP77BK42TS3EE7MPBX2OBXQ",2023-11-26,Shipped,1646.0
147,"AHRVMPX2FGGIB5LCJFVMAHO7JEHA,AFG3EU556AXTCQXSTGYD2ACM5H6Q,AHW5MLVXYWBRYXXWXGQEH27GVVPA,AGD6XZR3ZUKMJYLBUAWUB4B4YLMA,AHNLTOBDXT2YN4GT5PH6FCZAYZLQ,AHDH2HUAAI2BUJ3DOD5HUQIG3EJA,AFVSLNLGZJITGITPXVRIZPHFK6BQ,AED6JXY3SFVHOYMZM4MBG6D2LGAQ",2024-06-15,Cancelled,16704.0
148,"AEXK37TSBFHSP2TYE63YPKETWQ7Q,AEKMVX2VDNNX4ZFXI67SGKMJGZAQ,AFEIIEKX6JEHS3CPGCSIYLGCNKFA,AFDYUQAM7Y56P4R5CREI5OBPHSLA,AGEPZSRFODWZ4XUTXO2HNWLJIMJA,AH25HG24NISHLQPFOZA77WS5CUFQ,AFZ7US7H622UBLYL4ZX2XEHT7FHQ,AFDDH5QGUJ2NHJZBIAPEQVUIQCKA",2024-07-04,Cancelled,35699.0
149,"AHXJZSVEOLZI5RBMJNOHPVSA2DNA,AGM3M7VSW4O2MBOMCFV7EQAY5ZLA,AFLTI23AJOP4G45H4KOUBGB64JZQ,AH2GTLVFFJBTLSGZ2CBTOK7C4NAQ,AFJ5KPIQGTPRDIYT4PGZCUN63SHQ,AGFGCIGENNJTFHE6ROZW3R43AI7A,AELDTBTLLQ2OITCG4BQTQWCJ2Z2A,AEBAKTSBJSTQP4QYDTXHO7LZDWTA",2024-01-22,Delivered,1999.0
150,"AH2NLR3ZG7SADP6RTRU5PDZUBKYQ,AEDHYDNNCKCAOWK442JABEE5CWLQ,AEAT6CQT34IWYKUHXFMFGRNU7Q2A,AGZ3OTE7V74KVKLKR3PS2YSCM5QQ,AHURSRZTOF3NCYIB5RPFTXSHAEQQ,AFJ4QE5S3Y4YQR2FV36TS7QDG2KQ,AFWGKSA7JKANXBJVXLCPW7NR6ICQ,AHZYN7O73FJWRPUQGZM5BEAZ3A4A",2024-08-18,Pending,13166.0
151,"AFBPBZLHAOY5FLNKXSMY7R5NGW4A,AGRIGBJGBMM4HDFVZRSR6KNFCZQA,AFL2RLMNGDTJED222FJJLDX6BN2Q,AGO2GZLUYPY2PUV7F5YM244ODJ7A,AGZT23MB5BA7JK74E4NOOJEWQVAQ,AEEK7J244RB5UK7OFFLH5QHEQ3RQ,AGHSNUIUGMFHBLKEXG7CRIF5DC3A,AEPBNLNECBWYCIHCV4MUJDT5WCBA",2023-05-02,Cancelled,27995.0
152,"AG6W5HESRSDLBX3NCYOOUGFOWERA,AED4U5CF37HVSYPMD6KUP3YPH36A,AGUHDV5GZZQ53BGLNLV654IPDASQ,AEDMXTLZRXBSPPDRYIN6PAGXFXCA,AEVBIVJJCIRYJRR7G47DFT6SFBAA,AF65HJXCS64PXG5GMEBZOLVCZSPQ,AE5CGWMRDJN6NMXZ5XH74X2GIRNQ,AEDVMC3DUI5UUVQ43C4XLLZJGWUA",2024-04-10,Delivered,59980.0
153,"AGNJW4JB3SQZZEVJCOR6EXOTNMOQ,AFTBDE5KEINLXCQI2KBACSU4VO6Q,AHG766GX32WE357IIFA2PJWO7XRA,AG6TL6KXOCB6HW6QITVEZ3NFPYFA,AGD2H2SMDLQK62MH7BFWQ2INBP2A,AEHKGBC4LAMAC3AUCAWLJKKHRTAA,AHB6B3AB5OU3ITBYOSU2YSPVJ7RQ,AF7JC6AKO652RERHTNJ4NFM6NN4A",2023-08-05,Delivered,8750.0
154,"AHW6E5LQ2BDYOIVLAJGDH45J5V5Q,AF74RSGCHPZITVFSZN76K6GKPICA,AHDD7ZNB47QA2JLYU53HD4ML3VNQ,AHV3ELGDSOWBYUQLXSPDCSHBQRHQ,AEJU4L3ZM2GTILSJZZSNSF6VUOIA,AFVD66VQMSHPDT3A6HBBBGKRXBZA,AELKHQXVSSG6NHXLFJLLNEFRQQUQ,AGYSMAC6V6RFJJOHG2FIRPOZ6CSQ",2024-10-31,Cancelled,1000.0
155,"AGLYU2PCAJAWMX2SQ7Z44TQCOB5A,AGDRICXTUNSMXWXMHQLN6OCXUMLA,AGSXMG2VUWYJ37O2V2GTTXLBETQA,AFEWCMFADY4UQITWK5LT2T7RG4UA,AGWS7IVUSEUAAU7PS2FBIPJEDX3A,AF34BSUCKPG3GK6ZXXDGJ7VMWZCQ,AF6Z372PW3REL4X6S6TJC6Y3RLIQ,AHEF5MO5EL3COCLOZA23CFG4IKVQ",2023-03-25,Shipped,25528.0
156,"AH6P2FS36YMFXR6BCZY4QI3A5EGQ,AHLSHAJTU5B4XBPJGON3Q4MKMY2A,AESBXYARD65VZMCEZT6TMIF2I6AA,AFJUCN3LJPEEGA2MCUJMISQ3Q6SA,AGRGJTMI3RMO44FRRNDFQCML32BQ,AGX6OXEPVDQPCMFUTJWCGPAWKMFQ,AGQZQ2BXDDXY6D5K7HZF4CFSSZ6A,AGJD4634EZVTJUCYQETIMPBL5LVQ",2024-07-10,Delivered,5258.0
157,"AF6LRVDRKYWPTZXZLQERZ3LXCWDA,AG7FU75LA5ONPMNEVH6X47PHPHYA,AG3YRWMWYEW3G2WELWCNIU2H7HQQ,AGXZDH5CDJHVZVCYA6555BIZIWTQ,AEP6P6MBRADJL3SDICYEMQUWXVEA,AEVOU4VDGD6M5VOUU47DZ7JRABEA,AGA3BZEL7AM75FQS67KO32HQKWHQ,AHYU5NW2HTBFSIBPELM5BWRVFHDQ",2024-07-16,Cancelled,258.0
158,"AF3JE3MHGVCOATHASUTMN3VGF3UQ,AEDSNOOD2D6SJAET2BTNBHLV2SSA,AGGTMAPT4WBWP2C62I6CGW22QNCA,AGC6NVLEXXVXAOMXP46RL2622EBA,AFMZPE7XRDTD4DOUAAMZOME6HG7A,AFOTHR4JPCQC4JXBR3WV4C6T5XHQ,AHHA3DXLSJ3LS57KWW56FPPV4OKA,AEJMCBDH3VXRL4SPYOC23J4OG6OA",2023-02-26,Shipped,588.0
159,"AEBO2BBZLCJSQSMQSSZUR4JWW6UA,AFERB3TDE3HAUIGGRZAO7LNF7SYA,AEL6TWTQL7SWNSG4HKWQSG3W637Q,AEL2KKF43WA7LB7RMTMTZ24MKYCQ,AFMZ2T55AMKECVHVB3JJ5H6K2FOA,AHPDB57FWX3S3RH23DO7ZDQRGDLQ,AHNJJSSGE5AONEUXED5DKSZWMXVQ,AGX75LWRUNOTPPS7R6LLOIMAWS6Q",2024-01-05,Shipped,1878.0
160,"AEB6ZUPDFZXQWXHE72JVVSO4ZFGA,AHPZYFKIAW7DX6SSCSGI27FGMZTQ,AFMXLK3YUJVFGQV33RBZQ4IDUPTA,AHMG256GFFJ3XGDBZ33VX2SHQ4OQ,AGWJWL3N6X3HBXK4SKRP6FWDSBGA,AEUNYC2KUYOZRA2TH2WTZ3RG44WA,AHEMPQZQUAERYFBDHQWBEN2KXO2A,AF4ND7E7FHRXWLU2TP27B7BIRJBQ",2023-11-11,Shipped,33560.0
161,"AFZECWTOM2GUH3T67XW26DXUIJNA,AEIEKF6EFHH26R4DTUACQKMPJXDQ,AEFLPPQ4RG2KHSAOJF53X2CIPTEA,AGFTSZE2FTF4SUTZC7ONQ4JZDRJQ,AE5SY7U46GVLNQWM3GYOBMBKCVQQ,AGAOZJQ4WQAODOWE4K6CSPUDNG4A,AHTX2BOQMMX45RTHRTRK2E6PASUQ,AFC5XSGIOQBZNVIN5UVP7IOUXFSA",2024-12-26,Delivered,20097.0
162,"AGKYLNZN5SOR4LZAYWRHAAJY6JQQ,AF3KBDP4KUQBIEPOHOD4CTE355DQ,AGPNK4G7IXT4KWGPM4P5GZVHJWRA,AFELT2ZWY73WKNOT67ZAGVUCQ3SA,AFZE7KG2W5XOGLTWA2J4CSAHNXWA,AGA6B3KA3UVWW7IMQ2AAH7YC7SBA,AELLMRH2KBMJNAYLWDLGUMSWGBWQ,AGLXXAIFPOSW675BKK5KDZL63KVQ",2023-02-20,Cancelled,6176.0
163,"AEYYS445R5U3OMTCXTPFPPYIOC3A,AGRJV53VRADLDOF7VTZ75QXG7Q6Q,AFRZUJVTEHFZOVRCJJMAZTI5343A,AHPGEGRJETCIIA5N5UHXPPK7ZW3A,AGUWLDNMRBUVBQTRLDFJOU7B67WQ,AGZE52HWESBYEHQE7ZWVG6MIUTBA,AHC4U7CH7PGMKPLM3K6T36QSLJBA,AFNISIS3SIIIMSYAPMEAXNWBM4SA",2024-04-02,Cancelled,3190.0
164,"AFICHFCZ5WJJOZ6HM67EQ2L3YYTA,AFRGLG5OYGNQX7XQRZUL75X3IRDA,AFA6Y4X6JXUJS7K3ALWAK3B33GZA,AHMMGE7E7A4MRWPCBASIPVF3AI4A,AH6MNV2WOAZU6TJAQ2HR5B7UHNDA,AECZ74YEI7GUHN27KFQKRVIEFCHA,AGOPT5ISDG5GJG2LCY6HYOV6KUDA,AGWJ2WGTJWSGOVXK4FZTGLJO6LLA",2023-10-02,Cancelled,2395.0
165,"AHR4WZ6M4WXGQP65Z6SSP4LBJJ7A,AFWCLXKTHZPXBGFUEZSMLNWHGHNQ,AGEWKSFDTAPPBDWREYVDDGF54ZLA,AGTWAL33XMDTWFE7KCCBAPV4HHEA,AELBVPKFN3ACEWFOHW6PO7WU6HSA,AEZYTNF5ZWY4QEOAAJBW4HLB2U6Q,AEN3AIBIBGI7VSC6DSJBWDF2CHKA,AHTHIO4VEWZ6SO3MIQKNNZMDUJGA",2023-02-05,Pending,12996.0
166,"AFN56JFPWCIQUPBWBBKRTB5ACQFQ,AFYOAUU6ABZMTVU36GZK4VUGNQOA,AGHUKJEONXLCESOPBOBUE7GKTDGA,AEBWPF3PRVVFG5KWXV7X34GDFKUA,AFLRPHJSRGH5NKPA7OBXUJ2JZ27A,AG2MS6TT6QSBXJYL474XNZ4IF7CQ,AHTOYIBOEM2MAMV7T5TD5DDEKVTA,AH672OY2LDIEQUP643H3JKXAL3IA",2024-07-17,Cancelled,58996.0
167,"AH3XZBFRJ3T2YATYJK2CNTCARCCQ,AF2NVFDYXGX2BT7EPAUN7WYN3TDQ,AEVRTZ6HVKKV5CVX5XBW4QQLY3NA,AH3I5Z4W5KIRTITFSOBDBDSA23SQ,AG2DKHTMNEVMFCTBVNTH6NRRKTMA,AFDJVKMG73WAOX2CNN3VTFIT76UA,AHFPVRVDCUBDIONDU5U2DAT4CVJA,AHVSH7O4J2LW4S3YH4M76PPPVLSA",2023-08-09,Pending,20795.0
168,"AGS4ODHNPY3TQGAIJFDY4I33URHA,AFFSSRKP2H3OGXCIJXFM4EJPPYOA,AFZ3M7CZNIRAIQ7MRL5IOMSSDREA,AGCI75IEZFCJRJTO6PEM5QECBNEA,AGCDE6OVTHMBS6JH5ML2LK6ITAEQ,AG3NJTJII7WAT5XWQ2K5AATDZTXQ,AGVNPLKC3QPYKKS6K6WXYP4LCCAQ,AGHEWBWCR2RQ6TTCX6RYM2Q4TZAQ",2023-02-22,Shipped,10622.01
169,"AG3P4IMSW644U3FQ2765XNZFNC3Q,AGDKW4WQN3ZJJ4CVYLNXLCK5CNIA,AHU5TPA2UXOKQ4DDHN5RNZVBZLYA,AFHAATSERIT56U7QXWGJIL4MO3KQ,AFX5VVJ6G4NBFDWPMRQBFLYWEW6A,AFUUXVY2MHW6RYIDUUOPR2HDA5OA,AGZRENIZWCVXGLGXBQR4KWQZK6AA,AEBZFCW7Z2OSX3FS2DVMINPUZ6KQ",2024-05-30,Pending,13645.0
170,"AFZ5ADF4DVYO3IS67WN2K6UKSVSQ,AEEWIC5Y6UOO3KA5O2RE5GMQMLDA,AEUWI5TDSKBQHOFTRMU3DHC36IZA,AHFGAQ7GJGA35TSLYKZG4NAUFBFQ,AF6CQDSUJMPSM7YSYVXZ6KUMZVMQ,AESIGIVPJE5SHWIW6SOEHVBHT5ZA,AGONHBXIF7DGPMNZ2LUIBBW3FHZQ,AFUKG7S3SXXBZ47G5JVMH7TN4L2A",2024-02-11,Delivered,28974.0
171,"AE3SQVHSPJCIM3FT4MYLZOLX2ZSA,AGVJFS4QXURZUT34VBLXILIVA64A,AEC3CTKKV26PO32KOGUKKABJ4OAA,AFWLMSZPLJIABG6W6IFSFLEVHETA,AGZGIO6G2BKPLG4SN6O4ZRQOA54Q,AH3NLKVBUDIHF6LUVBM3CJI4WFXQ,AH43NCUTAEIE2WGCFN3DV6PM5LTQ,AE4CJM43GFS4KYQVZRKJSGM5MIPA",2024-10-11,Pending,2798.0
172,"AFENRIT42SOS4O7C4PHSKJNNWIWA,AGJW32XBQ6KVXXEPOF2F7TXSI56A,AHRNCTBMQ4Q27ECKAMZP5FFDOWDQ,AE5QM7YNLDN264RDC3P7GBGFYUEA,AEQOF2P6OUP23GYS2CADPFTMVJ4Q,AHOMVPDRQ74UCNTIWQKOWVZVCVSA,AG5ZVXUMPBZT7QYYE23JJU3HTLLA,AHP3V6CE6O6VEEGPQMAT7WEGTVOA",2024-06-17,Cancelled,15246.0
173,"AHTNFP2NA52A4C2BE5WK6PFOCSIQ,AH3HKWLRRJWVLWWNSNRI67WU77ZQ,AHMQ7YJYPC52BBWKM6EDMG4UP5OQ,AGACZ24ZIDYMROK4UAX6ZEKNT3IQ,AHWJYLPQD3AI7VM4ZCBGTQODXXVA,AHNK4EL2BOSS6WRMONWHNWAF5KRA,AFT7QL3HAATP44574CGT47QN4ONA,AG7VJYQTSVIZAOA3UDUAZGCTZ66A",2024-05-08,Cancelled,8485.0
174,"AG2VMF3LINMMYN5BJ7Q62SD5URUQ,AEJ7GNGZJ57Y4ANWXXY75NT7XW3Q,AGZPAK4OR644KR7HVTAGM2SKWXOA,AGWG7C2G2ZJXNJ5LWLAHESFT3JAQ,AGPW26I3CWUUUI4HNHIH6FWIVJOQ,AEKW3REOLRUOHWGYXE7V662X2BSA,AEJXY4QE7AOW43DDCUHH4BCILJJA,AFZWEGAQMORO5YUZDF63YT77LLWQ",2024-08-11,Cancelled,24998.0
175,"AG6WSLLXZY52HSQUY5PRCXTCYQYQ,AHGJ2DNFP3OJWO73XW2R7TDXI7WA,AGIC6PASSVB4T3KTZHK6ADD23GCA,AH4TEK5IQCC2BSF2KSQNKQEXAPLA,AFJIYRZTBOJBOWYQ5RNA36DBBXOA,AGCRWRS4RJYVGVKINV3VAR4CGDWA,AEGPWBXEAWPF6XRT7EZJOYJQA6DQ,AF5BU6DZ446HN4DTCO7W7AWXBJBA",2024-01-15,Delivered,1668.0
176,"AG4CULPDENY6NXR67DNAQU5VM42Q,AE6XZBRHYTRKG33Z6UGCG7EUQ2UQ,AFLCRL5P6JC24SEQTM6ASIJUVC2A,AECBTAP3SOAAMWUSNGBILNOOM5DQ,AEC5C3VXEKLH62ITNOMMUYIE2CAA,AFB6GXJEM6T4SHB3BQJ5G4UC5VAA,AFTCVC4B2DKVF5IF7GQYAWOA2X3A,AHFYGXWTFW2WTUEEYAKS3BYPQQ3A",2023-12-26,Pending,1499.0
177,"AFCN4ZD2X2EVUUDSG4BMFT7YJA2A,AHDHRPKNTBSBYA3MRM5PYQVL32NA,AHVUIVUWUFPO7Q7OJKIUG2DA4BFA,AEXIJCTRTURULROTIL72CGUX3K4A,AH227Z3F4JYYTDOQOAYSZKNVWUKA",2024-06-26,Pending,9596.0
178,"AHQC27SWWMUOTO3W7NGIG7KPX2AQ,AH3ZNJWSAOEWIBD3NFLGHZZOOMIQ,AFAFMRV4L35642NQMP3WELYPQ6ZQ,AG6GKJFYOVO2OJCRV73FBUIBAJLQ,AEWU6OTDLIVY6F2UAY2UYYQSGOPQ,AFOPBEQ5YUOBWJ7TBDFITQFZSN3Q,AETRLRK4QNNUXN3RRQ7BWMBAFXCA,AFXO2ER7GFIH4WDPPZX6LRZX3X7Q",2024-04-07,Pending,4403.0
179,"AETHN2CGVNPVX5Y6SAWO6IO7QOEA,AFIZ6OD2C7QAISE7FEEQR4C2NBGQ,AGE43ATINMGDC2ODRZNEM4Q2SEVQ,AE2QGBWD4NHT3VTKAS4TCZY6S7DA,AGKWDNWN4W7YDLRGGLQ2W43GW5AQ,AHPZNS35WCST6ATG2RKUV5UMGU3A,AEETUHPLSOLA55TPPWJWAQ7DZK5A,AFQJDMJNV2HMS7L5OAQRNXKVOVOQ",2024-09-04,Cancelled,10790.0
180,"AHJ3EGCWYQPUL4CX3MXHWDERT7HA,AEA4XMS33D3PRZZLZ5W6H5BDENEA,AGBJ2ZDBNU3ZZ2AUTLSCVW525R4Q,AE7TDC25GEFP6FQHGQNYGMEGA7TQ,AFJVNPC2VSQ6SO7WIZJ5Y42BU5WQ,AE4KYJVLMHHZZHZGFZ6ETCWGRCNA,AFZCPKBUAC37LWA3YEJSQ5VU2TOA,AHV6ISLIIEDA6IZXTTGCR4DLLSTQ",2024-11-12,Shipped,598.0
181,"AEJHP62NHRVRCWIMXUODSZLSBNUA,AF3U4PQTRSBX3JB6NUI4Q652IE4Q,AEBM3UFSICAMJJ63YZUBAFR6DZHQ,AGVN2YMSW5XV3H7H2MLRNDINPITA,AGRZTDPR7I75A5V36SYCPXIXHI5Q,AGECH5TXOT3LNZSNATG3E7NFATBQ,AGSAHTWECW2CLZXM5NWAEUDBU6OQ,AF5ZRMB3EOZXTXOOBVEVJTGZ2XFA",2023-02-20,Pending,30796.0
182,"AGKZK3N7KYOTCRFGWGDF2EJIQISA,AEROHELQUZSGEWF2SUDCANCFNRCQ,AGPTBR4QWMDZZ3XAF4EV2UMFQQEQ,AEN4W53IK6DVODM4J72SQNAYMX4Q,AEX4AU2AULOQZB35OUHUQ73Q5VIA,AEK2MRB35PXPW27B5NT7O637IMDQ,AHPUIT2YTPFHVHVWQPFEZXZZ5M7A,AE2X3X56PWZY32QSRKVU4VOIKDIA",2023-02-09,Cancelled,27597.0
183,"AHHEVDG5NWTNJRAW4M5FIRKMFEEA,AFLX5QGGOSHYDJV3E42JXTXCRXPQ,AEX4G7GNLVALDJDAZY33RNZ6KIVQ,AFGMGHDUS2Z6ME6PD3XFJM2VKOEQ,AFBJDIUA2EUBVIRXAXLNC7ENHAIQ,AGMYS67M6E6V2W3UP2EVWZBP4WHQ,AFPLFU6EUEEXHU4SCPG6UUBS4HAA,AFAJRPO7FNQVWYXLU5RMHFVJDARQ",2024-03-06,Delivered,4921.0
184,"AGY5EGSNGK2VAYOXWLKHP5GX44YA,AGTABZK5E6233ZGRJ6FKGLWNI53A,AFLW52DUWR46PKQCPT6ON3ZC6WYA,AEAHCVLMYLKLICSIKCTUS54NVQ2A,AGOYD5LNR3QBIXOGT3AXVEQJKQIA,AHNQK6FOLGX3QNM73O2SRNGL6CWA,AEDB4HO3XZSRGBOZOKXHJDFH7EKQ,AGTBHBUUNNRIVUQ6YS2OGL37CTGA",2024-12-01,Shipped,19455.0
185,"AFYEHXFPJRMXSQKK7PTK5TRWUQUA,AHF52K4NWNVQ67FHIOFZAGPQ3PFQ,AEOXAUWOA6I56J4RAMFLXBPZH3UA,AFKQJYKMEKQZLVHSLYTHT6MO4CFQ,AFX6NQOSMDSQWMBRDX6NUHNLZEYA,AFE2SDWOCP7HW73DJMCWLFBB63KA,AEN5FDCFERXM4BUXIUA3HTMGS2YA,AFNPTDUJHTDPYEKE7LP7CDDVTKYQ",2024-04-30,Cancelled,1598.0
186,"AGPBZBEFPFL64PWRZX32JSZUHDMA,AH32ZSUDD2AINXSY42RIVL5RBCIQ,AEGEQUSFQ3L5GTTYJEM34ZLSZN5Q,AEXNZJKAL3YMVOOAUSE3BZFP4JPQ,AELMNMBT5LVUJB7C3PHTT4NTETXA,AENLU2UJ3XK6A2ORODWSHIRNY7SQ,AFZ5LXQHEOBA4QWHTTF3TQNP7XIQ,AGRWOS52HI6TPUBXFRJUH3M4Q6DQ",2023-07-29,Shipped,14697.0
187,"AEG4VIVKNFDYAV2FCBSOHWCVZSVQ,AHIBQJW27GSAIXAF67PPWDRPZVAQ,AHRFQ3PYMV7BBVTV3T4KRYULJT3Q,AEPAKIJPENJDKGUKTVAMOBK2ZG3A,AFZUVAVAWLFWHSJD7VW36OO2U5SA,AEW6PJ6XBMPUHS6XB4JBOQ4RBLMA,AH3VHCOFOAF2ECJSINLURTIOYRNQ,AFQLC466OW7RPNR5LJJMFSMK4LYQ",2023-10-12,Cancelled,39043.0
188,"AHH2TIJJ2IGD5H3DJO3FROUHRRSQ,AF37X7ZH7JPA6H5Q64NV6QFIBCYA,AFKT7LV4XE6XJ2VTHCBHPQECW2RQ,AE7GGDNBOHD2JQ2X5JPD666SAQOQ,AENNAVVG4GBJKDQKJXQUEKQKTXGQ,AFPSO7EYQBYVEJGD4TAT7YFCM6UQ,AFV5W5BR6PKGHPIG3J6TNFK7BSXQ,AHILALAA7Q6SQRTFJVLT75P37FXQ",2024-08-16,Cancelled,26397.0
189,"AH6SGND2YZGJPEXEPAT6XTKVRWLQ,AHUKUGMWTTVQ5MYELQCPYTG2PYPQ,AFDHR2G2FNUFDTSWHO4LCLMB6ZYA,AGAPQRGQHJFMTSOOUP4ASESAQ74Q,AGHDPSPN25DVVA7HJ2AH25FTKQFA,AHGT6UU5RQGF6YSGFMDIXANEX5RA,AG6L76MYOFGJ2MUPN3XH2RN6KXHA,AHI55SSF7NUY4BMJHZVXTUAI4Q7A",2024-04-05,Pending,15543.0
190,"AHFILHSL3P3VABTMFUYKAWTNUWVQ,AHLGS6FCOG5AUP23U6ZJRXES7DCQ,AF5LVMOSEJ52KWFQDNEI2XXPAMJA,AHCJSKRROLBCRT5CA6NDKVJMWSOA,AGDRSRFFX2RVEHUZJXQTXGRZ3NWQ,AHMLLF7BJZGHT4BUAPH6OBOSQNEQ,AETGK22TGIAO4WZO4G3NPOBRLXCQ,AF3WRE2HEDELD4RT5IV3W3OUIAPA",2023-01-22,Shipped,94764.0
191,"AFXA73X6367FW6C7AQNXOTR7BZ3A,AF5B3NOBEX5PXWD4SBDB5KE7JP5A,AET2WYQTCLGU3TB7VHZHJYJ4HMWQ,AF2LCFC5G6OATXBE73BMIXC5PNHA,AFJZOVZXLGXGULVMNOYLFI5TO4GQ,AEYQETW4Z4P4AT5KURWYCVXIV6QA,AH7AIXAIDIIIIZOPOOS4T3B7UI4A,AF537NCMNYM56KBWSILNOUOEI5CA",2023-04-24,Pending,597.0
192,"AELO5I776X3QUOQZ7AEEFC565CYA,AEJNUCP6WR35MUUPR3D4P23EDVQQ,AGM52TVEKBJENHQAN4Q22ODCL5AA,AGQ55X6WU4XM455UMFRGQZ7RYEYA,AHMJ5HV6F5PZFFLBC4NQ7JCHYA6A,AGJRCXYSPMLOJNP22GLBKWRCYDYQ,AGSEKYY3BOZSIPCZ3LHAML2SOC4A,AFWGX2JJIVSYWDL5QHQ3TLM3IIDA",2024-05-08,Pending,1623.0
193,"AHVLMPOZX552F4S4UIO5DEVGXBAQ,AGSFXC44XWRFJ4D5NXQWDP6EC2PQ,AHWJ3FWLEGVBAWARBPV4N23IIDCQ,AHIXHLUQXHAFN2TKJX3DSFYYQ22Q,AHVDIIKAT5MSKLZGQPMKZHBV6DZA,AHLTUC4AD6YBXWAMDU2VVL4ADPQQ,AFALTXLNKATKJWF7UVD2PAMKQYXQ,AHAVKBRQC62ZO5F4Q54MW3VLPBZA",2024-01-04,Shipped,49535.0
194,"AGMJ6TDLOVZIR5ZU65TLJFSLG2BQ,AGPK7U5SHXBYBXEWBTRCIAZSB6LQ,AHXYETFF4XMSAI4VAHP24XL5SSTA,AGMUJCTMBNQBOGHL6UPSSF4KSNUA,AGEUQD256CS42A6PDKDB75VZRADA,AHGA46UDDADBRAB5FOHX6XY2DBVQ,AHUVYZMQ6PWI54UXP7SLLS4ZU46A,AHVS66CFEP5AXDC35N4ME4SU4X5Q",2024-06-16,Shipped,32171.0
195,"AFUH5D4EYPVUKL6RIODLMEAZDVEA,AG75QN74MJP35SGZVQCK7S24TBPQ,AFR3PNU34Q3NU4MZDAQTEVQGYJNA,AFEGTYZ3KEHM3T6Q47CE2F3QDTZA,AFJE6BAJEFG4B2OMCFXYFXBSWR5Q",2024-06-15,Cancelled,1796.0
196,"AFVNMGQ2XHQL55BFESLIHGPCW6LA,AFRUZM3EU3T6M7HFW6MUXQKJBZCQ,AHJB3PWCLPLMFBNCOPP5AM3TSXOQ,AEXFWMXY2NPLRI3QKEROSZZJWUAA,AHSN2AJ6A7NQLUJMH7YBD6WG7L5Q,AHKEHV7YSGK2ZCMEUQYS6LJNURKA,AGLZGGJLEO2WGEMX4KZCFNEJX64A,AHTHJF5RGJRHAKXOHA6Q2ZFKXOWA",2023-08-04,Pending,3994.0
197,"AGDR4WFX53YFXTBXAHC65MMBDERA,AFOEBFZC6LMNNTBEC22LCUGEO5QA,AGDWLF5AV4ORJG6IXPD65BSQ4WHQ,AERP2HDU5NDVDVWH2VDXZY3ITHRQ,AFLUBMW56L2YZFC7R3RZVLC7YGAA,AEVQ23BWUEEHRN4SPRKHA57N6SOQ,AGYFSXQSHFHYAB4GM2SRCFCQBFQA,AFYFP2TSUS4LLHR6CY5NJQZZIG7Q",2023-08-22,Cancelled,1943.0
198,"AGSGSRTEZBQY64WO2HKQTV7TWFSA,AEYD5HVYAJ23CR6PTWOOIKUOIDHA,AFRMNW6TDHDZBP2UHF2K3MEAEYUA,AHICHCW6EC3BNV2IDAEAJPBG4HZQ,AGWFKE7RNP6EVC4JFLFSL76EEVVQ,AGEOQQHGNELZNEUKJAJUA7NTPBLA,AFS3QBSOMCE2FAZFUYZ3NBFQDLMQ,AGJYG6ZWCWD74WNE6Y37XZ2VUSMA",2023-06-16,Delivered,3297.0
199,"AGXE6V4HYRRDGH33H3NE7PGF4D4Q,AFDW67WRZ2IJI7LQQP47LWZJHHUA,AFQVWAIJE5R6L6CSOOEAZ4SB4LNA,AEY3BCCYNITGIMQHCNTZIYDPA77Q,AEIYOPETQ6QHPCWMGJIFDTC5FQIA,AFBICVVDSWHTB37XUM72SGTRRL5Q,AFPMPHWQ374TQ7ZCW3RUEVPQLVSA,AGAGJNDYID4G47KUQZVTWOGT55JA",2024-02-06,Pending,3246.0
200,"AFA6YM4NTFRGHHKYN5U7HUYEVSUA,AEB3EVUTQCHIE3PGITWK72Q6EKTA,AENDMMCGUEYDYJTVD5GZ7VWYOALQ,AGYTNS7EN2WZ2WQGLKN74NA75PNA,AFXQSIUT7B2DVWYGONQGEGVMGFTA,AGBSRQCSUBTYN644BB4FVJBC6RCA,AGK2AGWUMBCU5TCFIZSFDJORZH5A,AG6DLOLZYH4E5ZATU7HOAK4REHSA",2024-09-23,Pending,23468.0
201,"AGP5YURZQ6W2GKYILORIGKB3NDUQ,AEPAZYTLJQKDOZBSNB35SQF6CMUQ,AHDSX7NV3NZQB2NZ4RLIOBKUOMYQ,AEDL37BWW4MEOIJFCGUXHFUQRXGQ,AFJN6RLNPLI6R42GH7IMYMMOXGMA,AERJQGP7X4KVPD26I4WOZDDP23KQ",2024-12-13,Pending,39568.0
202,"AGHKFSJFKP7E3JJOXV3C6UPGZKQA,AFAZO5BDXQFTNM5IUP2X6F5XIIVQ,AFAZO3VRRBIL6DP5UI4B2UDILGRQ,AEBEUDL2VRUKJQ3R52K2SQR5JHJQ,AEYPXWWAKKOQEX2Z6HKEVFCYZ4EA,AHMURR4YBS77BA3QJ43PBIRDLLSA,AFAH6ZDWWYSXCWPETRIORFGRILAA,AGRSOPDTA7U5B4WO5BHUCRZI5KRQ",2024-10-23,Cancelled,451.0
203,"AGYNRGEH26Z7PFCEBRVWTJ6RZ4PA,AHLEYZIZY2JWUVX7ZJUP2ZDQHZRA,AHMJJFA7DVXYO76MLL6IAPZYNHBA,AETECGJKFYFTKFIB5ATS6YRUKWVA,AGPYC54L575ZDPY7FEGITMLYI2UA,AHPT7QLZD7MKHTRII3BGGNHDNHOQ,AEGALXWP75YMO7CPPRFZBHHM73DA,AEOLDYDAFLQTHPD7HIODC2Q7HKZQ",2023-07-02,Shipped,2054.78
204,"AFQ3U3VBOCWRK5FO7AHRDUWWSU3Q,AHAJYQR4MXON2FRMHGMXO5AQMB6A,AF6PSKIGQI3XF6ONPKLUZWTTIJ6Q,AEAHUUJODQRTT2CHUPUCRGDHYTKQ,AHXACIKX2GST7YTDG3AUJJ2XDI7Q,AF772HDBWQAREJWQ2CLI2OHNSKIA,AHHSFGNEBL7YFX6MBHHJ7YO3UJSA,AHVBXZN2O5ZS3WTPVLPL2FICSBKQ",2023-06-27,Cancelled,998.0
205,"AGYYUWOUJKKTMI5CXTJHL6S5YKXQ,AFNA3KTCXDH5PVLFM3OD2T6CGYVA,AE3CY2RS5BHE5G25RBAQFUY2FDCQ,AEENNI7W6SOEI77V5T55AFK62DUQ,AG37OII7FSO3PNOBDK34OCKYHFMQ,AFPINFUHYQXL62GQ5WIJIIAOGBTQ,AGNI5MF4JAOPSC4YENVQ66JSXMOQ,AFHAHH2DM5FFTGWJWMQBFMPZJE4A",2024-01-07,Pending,1826.0
206,"AHJHHQWQ25VCIQHG5XMZN5MRZFYA,AFCFHU6B5RH4YN6DNTLUMY3CILHQ,AGLNHKFYTWDPKIAIQTE4UPB5I7ZQ,AEZKRUEG7M7P4JGJEVHMWZ3MGFPA,AHXWYJUQTCQRTQG3XYEAAYI3EURA,AHYAIOJLTBNK23OEWQ2BELX3PVXA,AHPP7A2M3LU7BWBZVIWXBNIVAPNA,AG6FKYZZA7HPN54KNFM5EIKJNDSQ",2023-05-07,Cancelled,7396.0
207,"AGVUE2NFN2MQEOQ4PR525B2ZI5PQ,AFO4M4BQ2WS7A3LPKJY45B5C7DYQ,AG6CREU25N6P2H7RCHNIU6GGJ5BA,AHFITGJEF76CXALJZLYP6OIC4EOA,AG54MN24SX3EMMON4AMBUNL74K3Q,AF3GETWWBGMLASY2KKNNBS2VO6DQ,AHEIPXMFMVWHNPLGUXUIV5XNP2SA,AFWQRBBVJWYTYUFQHUJE63S6VXJQ",2024-08-31,Delivered,2064.0
208,"AH7K632CGUBDY6LHNAPIN5X53WXA,AFEE2XTFVQFP4MAL23BITAYVUEDQ,AG66ESDG6STC3VUGMYT2JM7F5EFA,AGSRZEXRM6LPZRFZNPWPTJR52PWQ,AHTYWMV7NQIHFTT25KJHK2MHHO4Q,AGEDP3Y6PLN7EQMVYDLKLQKZBCVA,AGJYNSMQM45LCFROC6BSBGM2NXWQ,AF6AQPY5HXHCZXTPZOYY6EZFLMHQ",2024-12-31,Shipped,1167.0
209,"AGHNV56OVDCREEB45JCJLBST7XDA,AFZSMXS2MILXOSTT2ZEJDE3W7TLQ,AFVD6HB7DZDVOBDGJOB5OD5HRJFQ,AGGWFEEYQILYSQ7RS7GPJSTUWU7A,AEAS3VMYYUY4TJIVXZRHM6G6J7VA,AFGTTEXEMY2JB5T2LU3VKLX2IOMA,AEIJPU4PXM6JZM5QZSZWUPLV5I5A,AGEVYFS5HUW4XJWULHXIHHWYOQCA",2024-05-24,Delivered,2937.0
210,"AGL3JTQ3ZE2OROHL44I2WVDP2Y2A,AGQ77RQV2RP2RV3V3ILVPKJZO4PA,AFU5YK2ZGL26FL7JSOUCS4NJIA2Q,AGJCHC5GBZXUFZIJC3YHRLDBF3OA,AEAPKDGJ23GWBHSLTG3OQ4ZD72SA,AHI75BH7J42XPZ3GSVJINRNDIQGQ,AHF5BKRYGMVNIVA4ZZEYP3O4MTWQ,AHUQL2OJQVXUN6KU3XE4NNXDYWXQ",2023-02-20,Shipped,5573.0
211,"AFR7NDA6QYOPSCNJIDXRDRHJIYXA,AHHCHJMZSYKSIE6TTZMRNSBE7WTQ,AFSPQFXDIKOSTXLMOGOBF4WR4SPA,AGHBP6BZR4HZMOMFJ7O2A22EAEWA,AHIPJJAVOME7HM7PQCZAEOJRLLSQ,AFYOIOJCLIUTH3O47WX3UURCJZ2A,AFHSGENEII3KZX2B4PUT7PN4E2AQ,AHAMQ4BF5OY7VBA7DZTCFBRK7QPA",2023-01-18,Pending,11891.0
212,"AH6ZYHC4ECJ56T4GGZCL6MITCTMA,AE4TXVJAXHK5R7IELJNWWYHFIN6A,AEIJ7SPIJQQGYL2ILSVFV7L7KUCA,AGPQF6FIRVMT534CMDQOPD43MABQ,AEWSLNWPA73PVMUGHDJFRBKEAPSQ,AGBYFOYR3NI4NL3YQNDGZZF2IK4Q,AEM3QOT5IZHF2LEZT6LFD3OTDOLQ,AHK3VCLMISL3QD2KOQSW6WHTC6QQ",2023-07-31,Cancelled,3676.0
213,"AHCVVEWW2RUKPIMC63N6LXF2DQJQ,AFATPF5UULFKGVJINQIBWJEXL3ZQ,AECJOC7KZPYXOULLW43TTOMQJCPA,AGHWV3HO2KMHJ57FQWMB44DPA3CQ,AESMUJJJV2I6NQ4OMHYNLTW7H3PA,AFKUMZJL5723MB5JTWMAOVXHVXFA,AHHGYTDS6KX64NEIGKWHCG7ZNDCQ,AFH4LWW2SJ3GJZ36UGIO5CSYNQUQ",2023-04-27,Shipped,2098.0
214,"AESKYYTGWJ7VJASMOE6QQUDXSITQ,AH6RJFHNEDVIFN34SEYOWEGNXG5Q,AEE2HCL5QT6A7E3BE2FDJ4OLCSQQ,AEQTCWOCB3X4GQI7K2RBNLVRCCRA,AF5XYEIQYYW2O3NPIGGGE22ZQDSQ,AFX3TRRDLRW7VDIT7AJQ4WFA6FOA,AEQOIDOT2CNMB2L6ZFFZ3KSUWBBQ,AH7IU6PPKPCOBZXCSAJRBQMD4SGA",2023-12-26,Cancelled,2446.0
215,"AH7LW3BCJBLCZTMWBOFL33UGIRBQ,AFSJYBGBY2U6KAAUR23KS3COL5SQ,AGCLLMGPNMO4IGCQ4253BICGDADQ,AHHC3QIX44VPXBB4HHGJ2RNFV67Q,AGBJ6SKHL3RD37OYZ54U52DAIIPA,AHDPRYTLYXKEPSTVF2LRV5SQJIYQ,AEIQA6TZQ4Y2SMVJTGE27G4MGBXA,AHE7VTTWP3YUKXVDZDJP6NZUIHLQ",2024-04-02,Pending,1038.0
216,"AGG2AULXZCI6G44ST3BNAHRWDR5Q,AHR35WVPGLH745QHWRWEJ2WZTTDA,AFNSWRFEYVFT3XIQRXEBUOZKREAA,AG3H2NL3BTX4M4VD4NMTQ4VBKF6A,AFAKHOAYOIRPKEBF376DH5VOHIVQ,AEWNTX64SO54FM25O5FQFFWXIM4Q,AHLOFWN5NO7E32LEZUOVSNQE7IDQ,AEAJEELFQNAUNC3VXCKYR6RQPCJQ",2024-05-24,Pending,16294.0
217,"AE23RS3W7GZO7LHYKJU6KSKVM4MQ,AEQUNEY6GQOTEGUMS6KRUEYNXJSQ,AGYPIE5BICV44WEEEPJVEFQOCJSQ,AFR7CEQKWZE53IHHOWBIPAMYKL4Q,AGBV7FBP4SEITF6UKRFKTV7O32IA,AHQVOY54QKPIQZIJ57JKCGQPVV3Q,AEMCVRRD3XQRGFHC2VFCXHJEMESQ,AFBWXU7DUWCIK5MRDCLBXWTWN7ZQ",2024-02-16,Shipped,1497.0
218,"AGVCTA243VHAYH4RQKB4TVYSPC7Q,AH36BC5JQPIM7MZOMVQZLBWAN2VA,AGT4TIXFKY7JZIUJPXHX2L7PDXJA,AEAMCSAQXV3P5AXMBC4FPV3SMVWA,AFSBKYXEFH6TLZMMDGZG525HHPGA,AGUQMLMGMMN4NW2GDOV5LOH2LRLA,AEX4HFC5QP2AAU7LEIIME2NRHOQQ,AEDQG7IQKAQB77K53PPHHWV4QCXA",2024-05-17,Cancelled,18707.0
219,"AGRDTPMUHWAPVCLIT32C7WW2V6JA,AG6JGI37HP3HKED7FYSE6HNY2OZA,AHGX46NEAGEBIMLPLC4TB3Z342QQ,AGU6A55DL2E56WX7673GFMC6HEYQ,AHORMKJSJGUFFI6JCZP3AGVQIIPQ,AEPHE5IYH65CT6E4RFVU2QFQ5RDQ,AGBSKFFDGK7DFN3J54X4VMY7MUIA,AGBBOHCULMY33RU5XRNNOVVN2ZGQ",2023-11-26,Cancelled,19746.0
220,"AEHQYGI5L4FFALBMC5XMT5KXSZCA,AGRR24ZLDUPIJY24ZNQ6KIOYPY4A,AHM342MR54IYOKXJGG5MN53GQQDQ,AFOE32RXBAXIE4XHWXU564FUZT5Q,AF4EXZGWO5Y622TNNQ4LPS6LLG5A,AF3VOU2M55QKFJVDQDNOWKFKOBCA,AGXDNBVCES7HTOHR2K4UBUFUAI3A,AH3XUGDVTNMIHGLJDQIRLHEY54HA",2024-02-09,Delivered,5309.0
221,"AE3GJ4N2G2K4Q6JXYPIQSH4344CQ,AFJMCZWWZZF4HZYT5QLSXG4AKOTQ,AGGORGEJT3XXWXUJNZJNW2L6UZAQ,AENODPH3RWTEZMADDI7ZXXD5UBLQ,AEJQ7NWZITDPI44AMIPQPK7DQLCQ,AGJRVDXBXRIIRR3G7HCF5CR6XDSA,AGU4IMQTKDZTL6IFTDNG3D5CQO6A,AGKXGJ5QRZFNVZ3MKY7PHAOMT5LA",2023-05-19,Delivered,14045.0
222,"AFLGIDPC5GTJ4ET22CVZHSHBYCJA,AGFIU57KQ27B2HIIHLNRXEX4LD3A,AH2HEAF5KSG36DBJZATRGPWMQFFQ,AEHFXUDWPL2CJNEDKMN5473JESNA,AGUZ3J4FHC3D4PBXVYJSJLCYLR6A,AEE5TKO2YQMMVIBAGMEE4BQS6ZHQ,AHHWAZU4DKWHDYX6TXUOHE56T5AA,AHOGJRONCJE5ZAJX5CV76QCAKC5A",2024-04-29,Pending,7651.0
223,"AE3Q6KSUK5P75D5HFYHCRAOLODSA,AFUGIFH5ZAFXRDSZHM4QB2KPKFUQ,AFK4NJOLFSJGWLOJIUIAROJF6YVA,AFUOTYRFUXVPEBGIXVZZ7DR3CZUA,AFDLRSXKDZ6U3U3KD46SQLFGZQRA,AH5VLM66SIK7J3IRG4NY7XVOQ55A,AE3MQNNHHLUHXURL5S7IAR7JTGNQ,AFSEOFZY67MYC7UAJU264Z5NFTLA",2023-09-08,Cancelled,16398.0
224,"AHM4ZOXDCO5UNP4WQUXKP4NWX64A,AGHJ3BRARYIXJRGPKDIOLJYK4U2A,AFPA2366UQ6OXRQN6CDE6GBLHHIA,AG7C4WOSISFMNRWDAGVEOHVNUYSQ,AEN7C6UI4MTHHJN4TQDCCHDDJC3Q,AG57LS7SGNITPOERH5OV4VQHSVJA,AEQX24T5VMQGIZE6EZ3F5LKQP6EQ,AFP3BW7UQEWCU2KNQEJDKWTCDXRA",2024-03-03,Cancelled,1197.0
225,"AFUZ26ZD32I23WLX6MO6UUGYB6VQ,AHEDAEYXIZIPVLI6HSDRKIGYILCA,AGLZDJ2IQJQNA35JJLQ2VOEJAR3A,AECF2E7SAWWCGKCIE7DVMFMDT24Q,AHASPHQK4TSXX66FVFKWC4GWSUZQ,AE5W7W53GHU7VOQE7ITNRK2TS3WQ,AGGQUNYVRJSUMBI556ZU7NFVAV3A,AFDS6AED2AIE46CPX2A2QTGIH2VA",2023-03-25,Cancelled,6995.0
226,"AHAAD3NPHK6M6MFXLOIIVQSQQBGA,AF3VI65IPCL746N6XDAW4FYVH7CA,AGG2SNNR26KGUIFF6ZH32A3WZ2AQ,AEOHEAX7CMT7YK37DNAOQVUAZZ6A,AHEBE2B3ZMN7PAIBT73AZT4IS32A,AFE5CGE2HOEQLDT4X763Y7SR2OCA,AHXWSKIC3GD2ZFTM5JW7ANXAVSIA,AHUQZSYH2QVXKCFOFZAEQ5XOJTVA",2024-03-31,Shipped,345.0
227,"AGRQVHEZZHU5EBW2ZF254W4VTNYA,AHU6IYP4SSB65XIZJEDAZJGAOBGQ,AELS3TOQKIM3SA35ES73YQY4MCIA,AFUMEYL42TG3CIXNBRCFHRUCCZBA,AHIR6246Y27SKCODQVBVE2H4RVVA,AEREMM7ONA7LBDNGQSLOUJBIPYLA,AG737LKNRE3K2ZWJNPUM3H3ST7TA,AGC7DQDDBKIPBSZYRDPTLKV3LKQA",2023-05-23,Pending,48128.0
228,"AGWQCZIF4W7MPCFGEWBBYGVWS22Q,AFDZC4D7R4555BAGB45PI7V7DNEQ,AFDCKNT7PKHIXJGOE5KTS2T543DQ,AFVF7AJZSBE46XHJTIQKCTOWZIAA,AHWYTMSJ7KUHHJOOCNC6WQI6G25A,AE64VTXK4VOBPNSBG2EGZS62YF6Q,AHV5XE2XBBMMQTGCBDR5QB54FJYA,AG77NL56ZZCL5IZXNPYYVIMOGNHA",2023-03-07,Delivered,7414.0
229,"AHR4WZ6M4WXGQP65Z6SSP4LBJJ7A,AFWCLXKTHZPXBGFUEZSMLNWHGHNQ,AGEWKSFDTAPPBDWREYVDDGF54ZLA,AGTWAL33XMDTWFE7KCCBAPV4HHEA,AELBVPKFN3ACEWFOHW6PO7WU6HSA,AEZYTNF5ZWY4QEOAAJBW4HLB2U6Q,AEN3AIBIBGI7VSC6DSJBWDF2CHKA,AHTHIO4VEWZ6SO3MIQKNNZMDUJGA",2024-07-18,Shipped,32694.0
230,"AEWC3QIWDPNHJSLVO6MS62ERGB3Q,AGHUOIOWEX6YXURWDJ2GKP4N3EGA,AHSL36IV7KOAEVLS3T42EFK465DQ,AEVLT4QCRE27WKCLR5VR4PZBSYYA,AGQ6C3N3XSQHBM6BPN3L4GPDHMYA,AEBISQTRTH3NWC7NFQ4QOZVWLHDQ,AGHLM2F6LPX3PYPF4W6YUX52R5OQ,AF7ZGA2MQVDGPQEW5EUSVLMFVHLQ",2023-01-20,Delivered,5809.0
231,"AH4ZZLZF5JO74MJ3E6WURPHAOKVA,AE4IRBIAL6D4FWUJDI7G3TDMZEZQ,AESVEGOP7LNFGOWRU36WVYYSKKKA,AH2S7L7OVGU76T5ASFGR72DKZI4A,AFR7VQD5YGYX2A73CJ46ZKRNAKBA,AE5TFI4AZKIO5BARSWZQCPMUQMTA,AGEQFLTLLFRSOOMQH4DGWAPT4YWA,AE5ZOLUY3TPAUBD2KP2BEG2KKC7Q",2024-05-10,Pending,6276.0
232,"AHX6CSQGEBRWNFP27HRO6OHTKYXQ,AEOBGCGXCAHBMUOYKGJIISS7B2HQ,AHGAPUHNPLZZD7NW74AQPOEYPJIQ,AGKTH6UCTEE5C23YTWWUHXU2RUGQ,AHT5LZB5FO2RBAS6HFZPMSB47FJA,AGSBLSMYBGR27VKHLCERTQ4SXJQQ,AHJXXJ6QZSP5VH7GEUWUNOBETADQ,AE2YKXGI2XFOVDHNL6FF2RQAZ55A",2024-07-21,Cancelled,99980.0
233,"AFY43URPP4H2YAU54BXZXHAA4PFA,AFXPNU67DDECPJPSNRFI2E6H5LDQ,AH5YJG3CUXNP5ESN5HM4NHPAFB3Q,AG7DFEJVZNB4PW34WVGQPVLU7CKQ,AHHCC6KDIDI7OF6J6HV7OBGG2JGQ,AEATZAGPDVY63OECCENTN5XZHNNQ,AGBV77FUBU636MRHY2SQULBIMXIA,AFE4WCUSKXY43CIWV6NPOUUZD33A",2024-08-11,Delivered,290.0
234,"AECNNZVKQPR25O2GJGFWLHBH367Q,AF56FEP276BYOI3GE7GYBD2GONQQ,AHN5GS7H5SE5ZCFJH4KQOWDUKARQ,AFDIF43EHQD67SR2HWPO3W6B7FDA,AFUVPBEMV5BKKLHXC35CUJ45FV6Q,AGWTCY3ED5Q52QJACMXUFJ32UUGA,AE2IJXBP54QRMOS6COSQSEWEJ6TA,AGGC7EXQIXQQET64Y4ZRMOZBK46Q",2024-02-22,Shipped,10998.0
235,"AHIZSFJAXQCBI5OCUHJFSGIARK7Q,AFVRWGOEBQKKF7RQOZTUXZEKIBVA,AE5S6YA36LI6NLAPALMF4AY5AZ4Q,AGMUT37GOKFEAYGAMGAFXJYA2M5A,AEXXGQOF7CTRUY5RYCD5RLB73BWQ,AFAEKGGAPT6K7N6BNE5TB3CWZ4MQ,AFSN5W54IFWZYEVIOUNU7NYT7ZLA,AELB7VZWZEFBZAOH33CHYBJ2OF3A",2023-03-02,Cancelled,59242.0
236,"AHTJVOG52ZROVUFB64P2TTWIUCYQ,AFWZ75RYXU4BLWIZOEUMOWBSAPXA,AHACIF5SS4LL76SN3DNBDFNZQSHQ,AH2E7TXMON44B7YYHRAHWJ6HYFPQ,AG4Q3J2BSPCZD6YPMZ5FFE5A623A,AH37YFHELE7WDG7Z4C4HQWFY6DTQ,AFKYOQD6A4YUIYNDYWHM27QXER2Q,AE27QPJRG7545VJX7LYRK2EO3I4Q",2024-12-21,Delivered,6316.0
237,"AHWLTHKYKXVQESLJVESM5URXROEA,AFEFEZTZWJLYZGIVR7HLHRI3W5IQ,AFZLSCVPVJVKTHLW27QNQ7NCKILQ,AEAX5Y7DTTQZQWVZQMUAJ5OCQWXQ,AH22UNUP6EJE65PJ6DWGBZL2A3OQ,AEMRAWUZLEF3OUDOHGY6R2K5J6QA,AFCZVT5Q2S2GGB4UUZE6ZFHFJDYA,AENBJYCQHVQ53U7RS7BITRH7MDJQ",2024-02-27,Cancelled,12095.0
238,"AFVKRRAFQOO6G7UIAK6H44N3AHUQ,AEDG2D2EUJBTRXOTXTERTO45O3YQ,AGQMHEOMID4JPWI362AEVAFIAM3A,AFRUVFPVIIIWUPPXM7EQEXD6I5BQ,AETNTQXA5XZFHEBM6KKNB3I4SH3A,AH4KRGUX424RRJAJL2N7BQKGC3XA,AG73LD2KHD5QVU277LLIT3VMT7ZA,AHSIPI7MVS5ICRZJW6FJEDI2TBKQ",2023-01-20,Cancelled,40993.0
239,"AFIC3QEUDEWLWIHED5B64254Q5QA,AEKAQEDPX7S73J5RW2YU5SZKTXGQ,AH5DWYIRRSDMRTEU3V224I2UCBUQ,AFIB4S4TTITWHDPKW5U3JISOCALQ,AGIE63Y7UCQUKSDR3PK6IUPRTX3A,AH62YA354G4U5AD2BG3YI5H7MXMQ,AEONKCD4VUEPQ3YEK5JMVPGLCDDQ,AHLBCSKY2R74QDIIG43AIMBG46NQ",2024-07-10,Cancelled,1967.0
240,"AF3KXMJ35ELNULRGLJMSPONWTBLQ,AF2GY2M5UI7P6K2JHL5C6NOTQ6MA,AHHPP7KV72ZCVMFDBEPBQE7KXFKA,AE36KAI4PDY27JY3SBFA62OR6TFQ,AFXXE66PDZJEYLRJFXBVKDQX5WAQ,AH374DUL3BPYKQGLTWIP5UXDB4CA,AEOF5PFDHSQRCVD4E4PHG7ZQDHXA,AGX2PGENWLBTPLJJRL6EC4QZ6UBA",2023-04-24,Pending,29396.0
241,"AG72HBSOIRQFGJN2NY3GPAEEHZTA,AGXAO67Z7IZENINTB4FWJ53Y3V3Q,AHGR7SEDTEDIYX573IXYTQL3OWUA,AHYDO3OKLMDU6UJQ6YTMQWNUITPA,AGSZKOHJZVCRZGZDDCDPNSHZLOOQ,AE4PB3GAZFWQPTCFXFFJMMZOSU5A,AH7GI2ERU3IXB3L3UMCM7UFQT6XQ,AEJDGQU75PMFGJILLZKBUARMLQOQ",2024-02-21,Shipped,1198.0
242,"AGUTG6MZYET7MPUMPQXFLSNBEVUQ,AFN53ZMEK5W2MWJW6E36M4ECOFDA,AEJNJQFBSHNGTZ2KLO2IRH2CHSRA,AELJOMTIVYFHQKQIHAB6DVLU65AQ,AFWZSY64MPBL2AJQVIINPMPZBS3Q,AGCQVRAHII6LOJZ5HYLKVZTHACTA,AFKXQZUR2GH27ZHONXGHHK7SC26Q,AHZAJIIJDRADTHCXCEM6QEKG5ZUQ",2023-04-09,Shipped,299.0
243,"AGTBYZOGBXCBMYG2AN7LT4WYRZRQ,AFDWZMVLTXWWCX2UZVGVO5JLXCYA,AFXVKJMZW54XSXP6CQHUWEDPUDEA,AG4W4DLB7L3TFL5MDB7P465HOLDA,AGVEAOLFUM3KCYMH2CDHGD2NKGVA,AENJD2WI3N6QPTI4MTSQ5JABLCHQ,AFDV7XXJCNSWA3R466A2OB6WX66Q,AE4WFHYQM5DHVK4TJMYABWXRPMHA",2023-01-06,Shipped,9739.0
244,"AHBJKJCUV3CH6774KEAQSRLKXU4A,AGYYINJ6VW75W5MDDPE6PJR2QPUA,AH7NGYY4AFPLEZ3NC5GNDLENBCQQ,AF7VPS5PMKH5UYES6FA7ZBWEHDBA,AHU6RJTP3WGFQSGLWI322N7QZYWA,AG6OZOGIQT4YSME7I3M7EHU36AMA,AEX23SMNPHAF7B7TZFQDWKF5ONEA,AEZ5ML7WBTQQFSTJQVN5VVYDE5BA",2023-04-13,Shipped,41019.0
245,"AHFAYARHKASPMG7VH6BITH7O52SQ,AE7XJTRAUD7W4BJAEVEKHQ5GDJIA,AG6SHJNJ2HSGSXQLN3COPFEMZ7UA,AHFLEWWPES5LH4ZHJGDJ7OJR2Z7A,AGQRMUQ4NGNWNHTYIPKAKIDKCFMQ,AFCRKUO577ZOIVRSZNAU4PXSM2ZA,AGSDGCCAX3E4CZSREKNHJSIKKYWA,AHTHQNIPIGKQNVMT2PV4MGD5OZJQ",2023-07-23,Delivered,6142.0
246,"AEP43IVDSJR5UREBLL53W5AJKZTQ,AEJS5VAOH7KD6X2F3TAMXOCXSOPA,AHQ2K3MM7CU5KAOLTRHNV4HHMKVA,AFR7AVNAODFBSW5HPTITQMLUOFKQ,AGFKW6ILYGZKEDCK55ADC6QLYEJA,AE24UFIVBSESSEV7UALTKP7K5Z4A,AHIFIRZZSK7NK4HWJ7FCYSHQ7KKQ,AFHYPBJQA4XGEWJLPUSFVQU2EKXA",2024-03-14,Pending,2358.0
247,"AH3LHRL5P4YAVOQQCH72G2PJFXSA,AFA332YHUPB6I7KMME7SOFX5RKQQ,AGUUHLF34AIEIOE5KULXXVWKBCMA,AEYA6LQE25O2P6C7XV62XM3YV2EQ,AHWY6IG3PXBBJMLVFMHHKM25BVCQ,AEOKB3ECJUM6UQOBFKMEMQVVHL4A,AHMKSLALVS62JUHSHAI3FUXWDYYA,AFZIZOK5KDBOB5QCHUQRR2ZWUYKA",2024-07-28,Delivered,8388.0
248,"AG7XS62BBYTJDLOVUFYPSQ2DZZZA,AHIQFVEC26UUHE433ZSICDBIB36Q,AGEPZSRFODWZ4XUTXO2HNWLJIMJA,AG6LT2H74ZN26WM5OVCIJ6O6A3GQ,AGV66D5F6ULOSDAODDACCVNQ3V4Q,AFFCMTSY6Y6SGHYK7FNX2HBZ3NJQ,AHJC3EZMZ4YKHBUHTQEZQ3BQMZJQ,AELGICL2JENHDPFKWMURBPFAUSDQ",2023-07-11,Pending,1005.0
249,"AHC7U7MTAN2Y2T6X2G43SWSQHETQ,AFN6JOIM4WB7CBNNAM7JQJAJVZNQ,AER7ER4GHJ65LKQFSIRZG6DSEC5Q,AF6PJDQ5GNVGTIYXA5ZCTCKBLHEA,AHU5Q5IFZNU5KKPBZBP2Q63V5NFQ,AEBY74RXWDNJOHARPUMVQT5MY5XA,AFLIUDPXTMHWUWXDEPUT72WCMQAQ,AFIOG6MKUPF37DAJ5VTKKPFG62AQ",2023-10-26,Shipped,2398.0
250,"AE6QIRYYQXWBXRANCBNV7UQU3C3Q,AFR73WEZI4S76UC6WTRTOM27ENZQ,AFCBKJAWH4J2UWEUQEGSVYNFT2YA,AFDKMC6DZFM4M7BKRFA4APKCYZHQ,AECLFSQIEBC26S2ZU7FRYDI66W2A,AFTZLBOMSZSCBJ7CK5VXRSA6FGMQ,AH3HKWLRRJWVLWWNSNRI67WU77ZQ,AHMPP4TKEPMV7DE5QB5NSFTTXUPQ",2024-07-18,Cancelled,2997.0
