product_id,category_id
B07JW9H4J1,1
B098NS6PVG,1
B096MSW6CT,1
B08HDJ86NZ,1
B08CF3B7N1,1
B08Y1TFSP6,1
B08WRWPM22,1
B08DDRGWTJ,1
B008IFXQFU,2
B082LZGK39,1
B08CF3D7QR,1
B0789LZTCJ,1
B07KSMBL2H,3
B085DTN6R2,1
B09KLVMZ3B,1
B083342NKJ,1
B0B6F7LX4C,4
B082LSVT4B,1
B08WRBG3XW,1
B08DPLCM6T,4
B09C6HXFC1,1
B085194JFL,3
B09F6S8BT6,4
B09NHVCHS9,1
B0B1YVCJ2Y,4
B01M4GGIVU,3
B08B42LWKN,4
B094JNXNPV,1
B09W5XR9RT,1
B077Z65HSD,1
B00NH11PEY,1
B09CMM3VGK,1
B08QSC1XY8,1
B008FWZGSG,1
B0B4HJNPV4,1
B08Y1SJVV5,1
B07XLCFSSN,1
B09RZS1NQT,1
B0B3MMYHYW,4
B09C6HWG18,1
B00NH11KIK,1
B09JPC82QC,4
B07JW1Y6XV,1
B07KRCW6LZ,2
B09NJN8L25,1
B07XJYYH7L,1
B002PD61Y4,2
B014I8SSD0,3
B09L8DSSFH,5
B07232M876,1
B07P681N66,2
B0711PVX6Z,1
B082T6V3DT,1
B07MKFNHKG,6
B0BFWGBX61,1
B01N90RZ4M,5
B0088TKTY2,2
B09Q5SWVBJ,4
B0B4DT8MKT,1
B08CDKQ8T6,1
B07B275VN9,5
B0B15CPR37,4
B0994GFWBH,1
B01GGKZ0V6,1
B09F9YQQ7B,4
B014I8SX4Y,3
B09Q8HMKZX,1
B0B9XN9S3W,6
B07966M8XH,7
B01GGKYKQM,1
B0B86CDHL1,1
B0B5ZF3NRK,1
B09RFC46VP,4
B08R69VDHT,1
B09RWZRCP1,1
B09CMP1SC8,1
B09YLXYP7Y,1
B09ZPM4C2C,4
B0B2DJDCPX,1
B0BCZCQTJX,5
B07LGT55SJ,1
B09NKZXMWJ,1
B08QX1CC14,4
B0974H97TJ,1
B07GVGTSLN,1
B09VCHLSJF,4
B0B1YZX72F,4
B092BJMT8Q,4
B0BMXMLSMM,1
B07JH1C41D,1
B0141EZMAI,2
B09Q5P2MT3,4
B08HDH26JX,1
B09VT6JKRP,1
B09T3KB6JZ,4
B093QCY6YJ,2
B093ZNQZ2Y,5
B08LKS3LSP,1
B00V4BGDKU,2
B08CHKQ8D4,1
B09BW334ML,5
B082T6GVLJ,1
B07DL1KC3H,5
B0B6F98KJJ,4
B07JNVF678,1
B09QGZFBPM,1
B07JGDB5M1,1
B0981XSZJ7,1
B0B9XLX8VR,4
B08Y5KXR6Z,1
B09F6VHQXB,6
B0974G5Q2Y,1
B09YL9SN9B,4
B09RX1FK54,1
B09TT6BFDX,5
B09KH58JZR,1
B09DDCQFMT,5
B08RP2L2NL,1
B0B4G2MWSB,1
B0B21C4BMX,1
B084MZXJNK,1
B0BHZCNC4P,5
B0B16KD737,4
B099K9ZX65,4
B08Y55LPBF,4
B015OW3M1W,3
B01D5H8ZI8,3
B09X1M3DHX,4
B09MM6P76N,5
B01D5H8LDM,8
B0B1YY6JJL,4
B09QGZM8QB,1
B08L4SBJRY,9
B09X79PP8F,1
B082T6GVG9,1
B0B3XY5YT4,4
B0B4HKH19N,1
B08TGG316Z,3
B071VMP1Z4,5
B071SDRGWL,1
B08PSQRW2T,1
B0859M539M,2
B08RX8G496,5
B002SZEOLG,2
B08CS3BT4L,4
B00RFWNJMC,5
B082T6GXS5,1
B09CMQRQM6,1
B005LJQMCK,10
B09C6H53KH,1
B0BB3CBFBM,4
B08QSDKFGQ,1
B08PV1X771,4
B07YTNKVJQ,1
B0117H7GZ6,2
B09XJ1LM7R,5
B084N133Y7,1
B088Z1YWBC,11
B07VSG5SXZ,3
B08RWCZ6SY,5
B07KSB1MLX,10
B081FG1QYX,1
B08R69WBN7,1
B0B3RHX6B6,1
B084N18QZY,1
B081NHWT6Z,5
B07JPJJZ2H,1
B09JKNF147,5
B0B9959XF3,4
B09PNR6F8Q,1
B07M69276N,2
B0B1YZ9CB8,4
B09YLYB9PB,1
B08CTNJ985,1
B0BP7XLX48,1
B09LHXNZLR,2
B0B3N8VG24,1
B08PSVBB2X,1
B0B3MQXNFB,1
B08XMSKKMM,5
B09L8DT7D6,5
B00GE55L22,1
B0162K34H2,1
B0B8SRZ5SV,1
B07CWNJLPC,1
B00NH12R1O,1
B0B8SSC5D9,1
B08WKG2MWT,1
B0B466C3G4,4
B005LJQMZC,10
B07MDRGHWQ,6
B07DC4RZPY,1
B0B15GSPQW,4
B08GJNM9N7,5
B09C6FML9B,1
B0B65MJ45G,1
B08P9RYPLR,1
B0B6F8HHR6,4
B084MZXJN6,1
B08XMG618K,1
B0BCKWZ884,5
B00GGGOYEK,1
B07ZR4S1G4,5
B09C635BMM,5
B00GG59HU2,3
B00RGLI0ZS,1
B09ZPJT8B2,4
B07HZ2QCGR,1
B095244Q22,1
B08CKW1KH9,5
B0BLV1GNLN,11
B08RHPDNVV,5
B00NH13Q8W,1
B0B8SSZ76F,1
B0841KQR1Z,5
B0B467CCB9,6
B095JQVC7N,4
B08PPHFXG3,3
B06XR9PR5X,12
B09JSW16QD,1
B07JH1CBGW,1
B09127FZCK,5
B083GQGT3Z,7
B09Q8WQ5QJ,1
B07YZG8PPY,13
B09H39KTTB,5
B08DCVRW98,5
B0718ZN31Q,3
B0162LYSFS,1
B07PFJ5VQD,1
B01J8S6X2I,14
B09MJ77786,4
B09NNGHG22,4
B07V5YF4ND,5
B0B65P827P,1
B084MZYBTV,1
B097ZQTDVZ,5
B0B5F3YZY4,1
B09G5TSGXV,1
B006LW0WDQ,15
B09YLX91QR,1
B081FJWN52,1
B0758F7KK7,7
B09L835C3V,5
B098TV3L96,5
B08NCKT9FG,1
B0B4T6MR8N,1
B01GGKZ4NU,1
B09BW2GP18,1
B09WN3SRC7,4
B09B125CFJ,5
B09RQRZW2X,5
B07924P3C5,1
B08N1WL9XW,1
B07VVXJ2P5,7
B0BC8BQ432,4
B06XFTHCNY,8
B08CT62BM1,1
B07CRL2GY6,1
B07DWFX9YS,1
B01D5H90L4,3
B07F1P8KNV,1
B084N1BM9L,1
B09F6D21BY,5
B09LQQYNZQ,16
B0BC9BW512,4
B0B61HYR92,1
B075ZTJ9XR,3
B0978V2CP6,17
B09LRZYBH1,18
B0B997FBZT,4
B098LCVYPW,5
B09HV71RL1,1
B08PZ6HZLT,4
B075TJHWVC,13
B09LV13JFB,5
B092BL5DCX,4
B09VH568H7,1
B09HQSV46W,4
B08TZD7FQN,5
B0B21XL94T,4
B09PTT8DZF,1
B0B94JPY2N,1
B0B3XXSB1K,4
B08RZ12GKR,5
B0B4T8RSJ1,1
B0B7B9V9QP,4
B08XXVXP3J,1
B06XGWRKYT,6
B07CWDX49D,1
B09TY4MSH3,5
B07RY2X9MP,3
B0B2C5MJN6,4
B0BBMGLQDW,3
B01LONQBDG,1
B08XXF5V6G,4
B09HK9JH4F,5
B09MMD1FDN,5
B09HN7LD5L,7
B0BNDD9TN6,11
B0941392C8,1
B01M5967SY,3
B016MDK4F4,3
B08G43CCLC,2
B0B61GCHC1,1
B07RX14W1Q,3
B09PLD9TCD,4
B0B8ZKWGKD,7
B09NNJ9WYM,4
B08H5L8V1L,1
B0B8CXTTG3,4
B09HCH3JZG,3
B097JVLW3L,19
B09SB6SJB4,1
B08NW8GHCJ,1
B09YHLPQYT,5
B08G1RW2Q3,1
B08YXJJW8H,5
B09P8M18QM,5
B08BG4M4N7,5
B07VJ9ZTXS,3
B084872DQY,4
B00GGGOYEU,1
B08FD2VSD9,4
B0BQRJ3C47,1
B095JPKPH3,4
B087JWLZ2K,4
B09DSXK8JX,4
B08V9C4B1J,1
B08PKBMJKS,5
B0B8VQ7KDS,13
B086JTMRYL,1
B09RWQ7YR6,4
B00OFM6PEO,1
B0BF57RN3K,20
B0B3RRWSF6,20
B0B5B6PQCT,20
B08HV83HL3,21
B0BBN4DZBD,22
B0B3CPQ5PF,22
B0B3CQBRB4,22
B0BBN56J5H,22
B0BBN3WF7V,22
B0BDRVFDKP,23
B0B5LVS732,20
B09V2Q4QVQ,24
B09V12K8NT,20
B01DEWVZ2C,25
B0BMGB3CH9,22
B08D77XZX5,25
B09XB8GFBQ,22
B07WG8PDCW,26
B07GPXXNNG,25
B0BDYVC5TD,23
B0BMGB2TPR,22
B08MC57J31,21
B08HVL8QN3,21
B0746JGVDS,27
B08VFF6JQ8,28
B09NVPSCQT,20
B09YV4RG4D,20
B09TWHTBKQ,22
B08L5HMJVW,23
B0B4F2XCK3,22
B0BF54972T,20
B09YV4MW2T,20
B09TWH8YHM,22
B07WGMMQGP,22
B0BF563HB4,20
B09GFPVD9Y,22
B09GFLXVH9,22
B0BF4YBLPX,20
B09XB7DPW1,22
B07PFJ5W31,29
B0B3N7LR6K,20
B09ZQK9X8G,20
B07WJV6P1R,22
B0BF54LXW6,20
B09XB7SRQ5,22
B09FFK1PQG,26
B09RMQYHLH,22
B08ZN4B121,30
B0B3RSDSZ3,20
B08VB34KJ1,22
B09T39K9YL,22
B08VF8V79P,28
B08G28Z33M,25
B09PNKXSKF,20
B0B5DDJNH4,20
B07WDKLDRX,22
B09MQSCJQ1,20
B094YFFSMY,31
B09MT84WV5,23
B08VS3YLRK,28
B0B4F3QNDM,22
B07GQD4K6L,25
B07WDKLRM4,22
B0BP18W8TM,20
B07GXHC691,32
B08FN6WGDQ,25
B0B3D39RKV,22
B085HY1DGR,33
B08D75R3Z1,25
B0B4F2TTTS,22
B09WRMNJ9G,22
B0B14MR9L1,22
B09ZPL5VYM,32
B0993BB11X,21
B09V2PZDX8,24
B085W8CFLH,25
B09MT6XSFW,23
B07RD611Z8,21
B0B4F52B5X,22
B096VF5YYF,20
B0B5D39BCD,20
B09XBJ1CTN,28
B0B4F5L738,22
B08MTCKDYN,34
B09QS8V5N8,22
B09T2WRLJJ,22
B089WB69Y1,28
B0116MIKKC,28
B09P858DK8,27
B07DJLFMPS,23
B07WHQWXL7,22
B07WDK3ZS6,22
B09T2S8X9C,22
B07S9S86BF,25
B07N8RQ6W7,32
B09FKDH6FS,22
B08HVJCW95,21
B09YDFDVNS,24
B07WGPKTS4,22
B09MZCQYHZ,21
B0B4F2ZWL3,22
B08VB2CMR3,22
B095RTJH1M,35
B097R25DP7,20
B09YDFKJF8,24
B07WDK3ZS2,22
B08RZ5K9YH,28
B08444S68L,22
B07WHQBZLS,22
B09JS562TP,24
B09V17S2BG,20
B0B5CGTBKV,20
B0B23LW7NV,35
B09KGV7WSV,36
B0971DWFDT,26
B0BNV7JM5Y,20
B0B53QFZPY,20
B07WJWRNVK,22
B01F25X6RQ,25
B0B244R4KB,35
B0BMGG6NKT,22
B092JHPL72,37
B09GFM8CGS,22
B0B3MWYCHQ,20
B09J2MM5C6,38
B07Q4QV1DL,32
B0B56YRBNT,22
B01DF26V7A,25
B08K4PSZ3V,36
B0B4F1YC3J,22
B08K4RDQ71,36
B085CZ3SR1,28
B09YV3K34W,20
B09Z6WH2N1,34
B09NL4DJ2Z,1
B0BGSV43WY,20
B0926V9CTV,32
B07WGPKMP5,22
B0BBFJ9M3X,22
B09PLFJ7ZW,20
B0B53NXFFR,20
B07GNC2592,27
B09TP5KBN7,28
B0949SBKMP,20
B09V175NP7,20
B07WHSJXLF,22
B0BD3T6Z1D,22
B09LHYZ3GJ,22
B07WFPMGQQ,22
B09QS9X9L8,22
B0B6BLTGTT,20
B084DTMYWK,28
B0B53QLB9H,20
B0BDYW3RN3,23
B0B3RS9DNF,20
B09QS9X16F,22
B08HV25BBQ,20
B09LJ116B5,22
B0BMVWKZ8G,20
B0BD92GDQH,20
B0B5GF6DQD,20
B09JS94MBV,24
B09YV463SW,20
B09NL4DCXK,28
B0B8CHJLWJ,35
B0B8ZWNR5T,34
B0BBFJLP21,22
B01F262EUU,25
B09VZBGL1N,32
B0BNVBJW2S,20
B0B2DJ5RVQ,39
B096TWZRJC,37
B09GP6FBZT,35
B0B3DV7S9B,32
B09MKP344P,22
B08JW1GVS7,21
B09LHZSMRR,22
B0B5V47VK4,22
B08H21B6V7,24
B09BNXQ6BR,20
B01FSYQ2A4,40
B08L5FM4JC,23
B0B54Y2SNX,28
B08BQ947H3,41
B0B7DHSKS7,24
B09SJ1FTYV,38
B09XJ5LD6L,22
B07WHS7MZ1,22
B0BBVKRP7B,20
B09NY7W8YD,22
B0BMM7R92G,20
B08M66K48D,35
B09RFB2SJQ,20
B0B82YGCF6,20
B08HF4W2CT,21
B08BCKN299,42
B0B2X35B1K,20
B09QS9CWLV,22
B0B1NX6JTN,38
B078G6ZF5Z,28
B0BBW521YC,43
B09HSKYMB3,22
B09YV42QHZ,20
B09BF8JBWX,24
B0B5YBGCKD,35
B09MY4W73Q,38
B09T37CKQ5,28
B09GFPN6TP,22
B0B298D54H,20
B08VB57558,22
B0B9BXKBC7,31
B09NY6TRXG,22
B09NVPJ3P4,20
B0B3NDPCS9,20
B09VGKFM7Y,28
B07QCWY5XV,31
B098QXR9X2,21
B07H1S7XW8,44
B0BNXFDTZ2,20
B088ZFJY82,32
B0B4F4QZ1H,22
B09BCNQ9R2,29
B0B9BD2YL4,36
B071Z8M4KX,25
B09N3ZNHTY,25
B005FYNT3G,45
B01J0XWYKQ,46
B09CTRPSJR,47
B08JQN8DGZ,25
B0B72BSW7K,48
B08TV2P1N8,25
B07XCM6T4N,49
B07T5DKR5D,25
B07PR1CL3S,40
B07JQKQ91F,25
B08W56G1K9,33
B01L8ZNWN2,45
B009VCGPSY,46
B0B296NTFV,46
B07TCN5VR9,25
B00ZYLMQH0,50
B01HJI0FS2,46
B076B8G5D8,51
B014SZO90Y,52
B07KCMR8D6,53
B00N1U9AJS,54
B07KY3FNQP,25
B07QZ3CZ48,25
B09T3H12GV,55
B08ZJDWTJ1,56
B08FTFXNNB,57
B08YDFX7Y1,46
B087FXHB6J,55
B07N42JB4S,58
B0B31BYXQQ,25
B07SLMR1K6,45
B092X94QNQ,25
B0846D5CBP,59
B00KXULGJQ,60
B08H9Z3XQW,25
B08LPJZSSW,61
B08CYPB15D,62
B00MFPCY5C,63
B07JJFSG2B,45
B09NR6G588,25
B07JPX9CR7,46
B08D11DZ2W,25
B07Q7561HD,52
B0819HZPXL,64
B00LXTFMRS,65
B0B9LDCX89,66
B0765B3TH7,67
B0B1F6GQPS,25
B07LG59NPV,25
B00AXHBBXU,59
B08MCD9JFY,68
B083RCTXLL,46
B08HLZ28QC,69
B07GVR9TG7,70
B0856HY85J,71
B07CD2BN46,25
B07PLHTTB4,47
B077T3BG5L,50
B079Y6JZC8,46
B0856HNMR7,40
B0B12K5BPM,72
B00LVMTA2A,73
B07TR5HSR9,48
B0819ZZK5K,45
B08QJJCY2Q,66
B07L5L4GTB,62
B07L8KNP5F,40
B08CF4SCNP,50
B09XX51X2G,48
B01M72LILF,46
B00LZLQ624,74
B09GB5B4BK,46
B015ZXUDD0,75
B09PL79D2X,25
B098K3H92Z,76
B084PJSSQ1,45
B097C564GC,77
B08CYNJ5KY,62
B00Y4ORQ46,40
B074CWD7MS,78
B00A0VCJPI,60
B00UGZWM2I,79
B00R1P3B4O,80
B09DG9VNWB,20
B09Y5MP7C4,25
B01DJJVFPC,52
B07DFYJRQV,25
B08L879JSN,81
B08TDJNM3G,82
B06XSK3XL6,26
B07YNTJ8ZM,72
B07KR5P3YD,55
B08FB2LNSZ,25
B01IBRHE3E,83
B01N6LU1VF,45
B07XLML2YS,84
B086WMSCN3,25
B003B00484,75
B003L62T7W,46
B09P18XVW6,20
B00LZLPYHW,74
B00NNQMYNE,67
B0B217Z5VK,25
B07B88KQZ8,72
B07Z3K96FR,85
B0756CLQWL,86
B004IO5BMQ,46
B01HGCLUH6,70
B01N4EV2TL,55
B08MZQBFLN,48
B0752LL57V,87
B09Z28BQZT,48
B094DQWV9B,77
B0BBMPH39N,47
B097JQ1J5G,88
B07YY1BY5B,20
B08VRMK55F,25
B08CHZ3ZQ7,64
B08SCCG9D4,89
B0972BQ2RS,20
B00ZRBWPA0,52
B0B2DD66GS,23
B09M869Z5V,88
B07W6VWZ8C,90
B07Z1X6VFC,91
B07YL54NVJ,92
B0759QMF85,70
B00LM4X0KU,93
B08PFSZ7FH,49
B012MQS060,55
B01MF8MB65,25
B00LHZWD0C,94
B08QDPB1SL,52
B07BRKK9JQ,55
B01EZ0X3L8,45
B00LM4W1N2,95
B08YD264ZS,48
B00GZLB57U,96
B07V82W5CN,55
B08HD7JQHX,89
B0B31FR4Y2,25
B09Y14JLP3,32
B09ZHCJDP1,46
B08C4Z69LN,97
B016XVRKZM,98
B00LHZW3XY,94
B098JYT4SY,46
B08CFCK6CW,25
B09P564ZTJ,47
B07MSLTW8Z,48
B09N6TTHT6,82
B098R25TGC,25
B0B2PQL5N3,66
B07DKZCZ89,99
B08GYG6T12,100
B09BN2NPBD,101
B00J4YG0PC,94
B073BRXPZX,46
B08LHTJTBB,49
B07VTFN6HM,56
B008QS9J6Y,102
B09M8888DM,88
B07Z1YVP72,91
B082FTPRSK,103
B09RF2QXGX,41
B01KK0HU3Y,46
B07JF9B592,51
B086394NY5,104
B017PDR9N0,105
B07NC12T2R,72
B07WKBD37W,106
B08JMC1988,90
B09GFN8WZL,47
B095X38CJS,107
B07ZKD8T1Q,70
B07G3YNLJB,108
B00P93X2H6,94
B0798PJPCL,48
B09GFWJDY1,25
B09MZ6WZ6V,66
B094QZLJQ6,56
B07L3NDN24,109
B08WD18LJZ,47
B06XDKWLJH,56
B01J1CFO5I,86
B07J2NGB69,46
B00MUTWLW4,50
B017NC2IPM,70
B00N1U7JXM,79
B08HQL67D6,48
B09RKFBCV7,20
B08KHM9VBJ,110
B01IOZUHRS,111
B00CEQEGPI,55
B08B6XWQ1C,61
B01DGVKBC6,96
B08JD36C6H,45
B00E3DVQFS,52
B00BN5SNF0,75
B09SGGRKV8,25
B084BR3QX8,111
B09VC2D2WG,47
B09163Q5CD,88
B08K9PX15C,112
B083RD1J99,46
B09Z7YGV3R,48
B00N3XLDW0,113
B07Z53L5QL,114
B00P93X0VO,74
B07SBGFDX9,115
B07X2L5Z8C,46
B00VA7YYUO,116
B07L9FW9GF,46
B08D64C9FN,64
B00LOD70SC,95
B09X76VL5L,25
B091JF2TFD,25
B07S7DCJKS,66
B09NC2TY11,20
B0BDS8MY8J,117
B09X7DY7Q4,23
B09YV575RK,20
B08LW31NQ6,46
B09ND94ZRG,25
B00P93X6EK,74
B0994GP1CX,63
B07H8W9PB6,47
B09NNHFSSF,84
B08D9NDZ1Y,118
B0085IATT6,70
B08WJ86PV2,66
B078HRR1XV,47
B09P22HXH6,102
B00LM4X3XE,93
B09YLFHFDW,25
B07YWS9SP9,103
B08WLY8V9S,66
B0873L7J6X,40
B07YNHCW6N,114
B01MQ2A86A,46
B00KIE28X0,65
B0BHYJ8CVF,55
B0BCVJ3PVP,48
B0B2931FCV,25
B09TMZ1MF8,108
B07VV37FT4,53
B07JB2Y4SR,119
B08KRMK9LZ,36
B08LT9BMPP,64
B0814ZY6FP,72
B09F3PDDRF,120
B07X963JNS,21
B09LD3116F,84
B08Y5QJTVK,73
B00LY1FN1K,65
B07DJ5KYDZ,111
B009LJ2BXA,121
B09BVCVTBC,122
B07SY4C3TD,62
B094JB13XL,20
B08CRRQK6Z,123
B08MTLLSL8,25
B08Y57TPDM,73
B09CYTJV3N,84
B07GLNJC25,88
B08FY4FG5X,71
B07TMCXRFV,85
B00LZPQVMK,115
B08X77LM8C,124
B01EJ5MM5M,125
B08J82K4GX,81
B07Z1Z77ZZ,91
B00DJ5N9VK,126
B08FGNPQ9X,70
B07NTKGW45,67
B08J4PL1Z3,86
B07XJWTYM2,25
B09939XJX8,47
B09MDCZJXS,127
B08CTQP51L,85
B0BG62HMDJ,56
B08GTYFC37,128
B08SBH499M,112
B08FYB5HHK,129
B0B5GJRTHB,25
B09GBBJV72,55
B07P434WJY,130
B07T9FV9YP,127
B08WKFSN84,1
B09TBCVJS3,20
B08TR61BVK,91
B0B2CPVXHX,85
B08XNL93PL,131
B088GXTJM3,132
B099S26HWG,94
B08461VC1Z,66
B00K32PEW4,133
B07LFWP97N,91
B0746N6WML,115
B07W9KYT62,70
B08D9MNH4B,118
B09MKG4ZCM,70
B07RZZ1QSW,58
B07222HQKP,56
B00NFD0ETQ,64
B075DB1F13,73
B0148NPH9I,50
B01JOFKL0A,118
B079S811J3,127
B0083T231O,134
B086PXQ2R4,94
B07L1N3TJX,111
B07YFWVRCM,84
B08TDJ5BVF,82
B09XXZXQC1,135
B083T5G5PM,25
B0BHVPTM2C,48
B01NBX5RSB,111
B08MWJTST6,32
B07R99NBVB,136
B00LY12TH6,137
B08497Z1MQ,64
B07KNM95JK,138
B09Q3M3WLJ,85
B09B9SPC7F,48
B099SD8PRP,46
B00S2SEV7K,139
B08WKCTFF3,48
B08498D67S,122
B00C3GBCIS,91
B00URH5E34,82
B00EYW1U68,60
B08SMJT55F,72
B08Y7MXFMK,46
B086Q3QMFS,94
B08498H13H,122
B07LFQLKFZ,139
B00LY17RHI,140
B07W14CHV8,141
B09F5Z694W,125
B0B25LQQPC,108
B01LYLJ99X,45
B014SZPBM4,52
B08CZHGHKH,47
B0B2RBP83P,142
B078W65FJ7,40
B08S74GTBT,90
B07QMRHWJD,82
B07W7Z6DVL,90
B07WMS7TWB,143
B00H47GVGY,144
B07VX71FZP,145
B07NCKMXVZ,146
B0B61DSF17,147
B07VQGVL68,147
B01LWYDEQ7,148
B07VNFP3C2,143
B00LUGTJGO,144
B01MQZ7J8K,143
B01GFTEV5Y,149
B00NW4UWN6,143
B01NCVJMKX,146
B00O24PUO6,145
B07GXPDLYQ,150
B01C8P29N0,151
B08KDBLMQP,152
B078JDNZJ8,153
B01M5F614J,154
B083GKDRKR,143
B097R2V1W8,153
B07YR26BJ3,155
B097R45BH8,156
B09X5C9VLK,152
B01C8P29T4,151
B00HVXS7WC,152
B096YCN3SD,155
B09LQH3SD9,144
B09KNMLH4Y,146
B00ABMASXG,157
B07QDSN9V6,143
B00YMJ0OI8,149
B0B8XNPQPN,158
B0814P4L98,159
B008QTK47Q,160
B088ZTJT2R,157
B0BK1K598K,146
B09Y5FZK9N,155
B09J2SCVQT,161
B00TDD0YM4,146
B078KRFWQB,144
B07SRM58TP,162
B00EDJJ7FS,149
B0832W3B7Q,149
B07WNK1FFN,143
B009P2LK08,144
B07DGD4Z4C,152
B07GMFY9QM,163
B0BGPN4GGH,144
B0B2DZ5S6R,155
B07S851WX5,164
B01MY839VW,151
B09LV1CMGH,145
B01EY310UM,151
B09NL7LBWT,146
B008YW8M0G,151
B097R3XH9R,156
B08TM71L54,160
B0BPBXNQQT,144
B00W56GLOQ,161
B0883KDSXC,151
B078V8R9BS,155
B08GSQXLJ2,156
B01M5B0TPW,165
B082KVTRW8,155
B08CFJBZRK,152
B07H3WDC4X,163
B09ZTZ9N3Q,145
B083P71WKK,166
B097R4D42G,156
B07MKMFKPG,152
B0949FPSFY,147
B08F47T4X5,167
B01M0505SJ,168
B08D6RCM3Q,159
B009P2LITG,144
B00V9NHDI4,169
B07WGPBXY9,143
B00KRCBA6E,154
B0B3X2BY3M,153
B00F159RIK,151
B08MV82R99,157
B09VKWGZD7,170
B009P2LK80,171
B00A7PLVU6,150
B0B25DJ352,163
B013B2WGT6,147
B097RJ867P,158
B091V8HK8Z,143
B071VNHMX2,172
B08MVSGXMY,144
B00H0B29DI,173
B01GZSQJPA,152
B08VGFX2B6,159
B09GYBZPHF,152
B0B4KPCBSH,174
B09CGLY5CX,144
B09JN37WBX,146
B01I1LDZGA,143
B0BN2576GQ,146
B06XPYRWV5,172
B01N1XVVLC,145
B00O2R38C4,175
B0B2CZTCL2,155
B00PVT30YI,176
B00SH18114,167
B00E9G8KOY,177
B00H3H03Q4,178
B0756K5DYZ,152
B0188KPKB2,152
B091KNVNS9,163
B075JJ5NQC,152
B0B5KZ3C53,179
B09NTHQRW3,150
B008YW3CYM,151
B07QHHCB27,150
B0BMFD94VD,167
B00HZIOGXW,157
B09CKSYBLR,165
B072J83V9W,169
B09MTLG4TP,146
B097XJQZ8H,152
B00935MD1C,179
B0BR4F878Q,153
B0B3G5XZN5,150
B07WKB69RS,153
B09DL9978Y,153
B06XMZV7RH,147
B09WMTJPG7,153
B09ZK6THRR,151
B07MP21WJD,146
B09XB1R2F3,146
B08Y5QJXSR,168
B07WJXCTG9,143
B09NBZ36F7,149
B0912WJ87V,180
B0BMTZ4T1D,145
B07Z51CGGH,181
B0BDG6QDYD,145
B00YQLG7GK,150
B00SMJPA9C,151
B0B9RN5X8B,153
B08QW937WV,153
B0B4PPD89B,167
B08GM5S4CQ,156
B00NM6MO26,149
B083M7WPZD,181
B07GLSKXS1,155
B09F6KL23R,165
B094G9L9LT,143
B09FZ89DK6,169
B0811VCGL5,182
B07FXLC2G2,183
B01LYU3BZF,168
B083RC4WFJ,184
B09SFRNKSR,146
B07NRTCDS5,161
B07SPVMSC6,168
B09H3BXWTK,147
B0073QGKAS,172
B08GJ57MKL,182
B009DA69W6,183
B099PR2GQJ,144
B08G8H8DPL,152
B08VGM3YMF,159
B08TTRVWKY,163
B07T4D9FNY,143
B07RX42D3D,164
B08WRKSF9D,156
B09R83SFYV,185
B07989VV5K,160
B07FL3WRX5,161
B0BPCJM7TB,150
B08H673XKN,152
B07DXRGWDJ,160
B08243SKCK,186
B09SPTNG58,168
B083J64CBB,159
B08JV91JTK,187
B0BQ3K23Y1,150
B09MT94QLL,168
B07NKNBTT3,146
B09KPXTZXN,165
B078HG2ZPS,188
B07N2MGB3G,189
B008LN8KDM,160
B08MZNT7GP,145
B009P2L7CO,151
B07YC8JHMB,183
B0BNQMF152,161
B08J7VCT12,162
B0989W6J2F,167
B0B84KSH3X,151
B08HLC7Z3G,155
B0BN6M3TCM,146
B01L6MT7E0,182
B0B9F9PT8R,144
B0883LQJ6B,151
B099Z83VRC,163
B00S9BSJC8,190
B0B4SJKRDF,166
B0BM4KTNL1,150
B08S6RKT4L,191
B09SZ5TWHW,162
B0BLC2BYPX,150
B00P0R95EA,157
B07W4HTS8Q,153
B078JBK4GX,153
B08S7V8YTN,163
B07H5PBN54,153
B07YCBSCYB,149
B098T9CJVQ,150
B01KCSGBU2,182
B095XCRDQW,159
B09CTWFV5W,158
B0B7NWGXS6,144
B07DZ986Q2,160
B07KKJPTWB,165
B071R3LHFM,152
B086X18Q71,185
B07WVQG8WZ,160
B0BFBNXS94,150
B071113J7M,161
B09YLWT89W,183
B0814LP6S9,159
B07BKSSDR2,192
B09VGS66FV,155
B07RCGTZ4M,181
B0747VDH9L,150
B08XLR6DSB,185
B08H6CZSHT,160
B07CVR2L5K,165
B09J4YQYX3,163
B0B2DD8BQ8,164
B0123P3PWE,157
B08HDCWDXD,162
B0836JGZ74,153
B0BCKJJN8R,153
B008P7IF02,193
B08CNLYKW5,152
B08C7TYHPB,155
B08VJFYH6N,194
B08235JZFB,151
B078XFKBZL,178
B01M265AAK,144
B0B694PXQJ,147
B00B3VFJY2,177
B08W9BK4MD,159
B09X5HD5T1,195
B08H6B3G96,160
B09N3BFP4M,156
B09DSQXCM8,146
B01M69WCZ6,196
B0BM9H2NY9,163
B099FDW2ZF,144
B0B935YNR7,165
B07JGCGNDG,156
B08L12N5H1,162
B07GWTWFS2,164
B09KRHXTLN,145
B09H34V36W,145
B09J2QCKKM,157
B09XRBJ94N,164
B07SLNG3LW,181
B0BNDGL26T,161
B095PWLLY6,168
B07Y9PY6Y1,161
B0BJ966M5K,183
B086GVRP63,176
B08MVXPTDG,145
B0BMZ6SY89,145
B09P1MFKG1,145
B01LY9W8AF,159
B07ZJND9B9,168
B0B2CWRDB1,170
B072NCN9M4,181
B08SKZ2RMG,146
B0B53DS4TF,158
B08BJN4MP3,183
B0BCYQY9X5,183
B009UORDX4,151
B08VGDBF3B,159
B012ELCYUG,197
B07S9M8YTY,151
B0B19VJXQZ,198
B00SMFPJG0,178
B0BHYLCL19,177
B0BPJBTB3F,145
B08MXJYB2V,152
B081B1JL35,153
B09VL9KFDB,194
B0B1MDZV9C,162
B08TT63N58,190
B08YK7BBD2,167
B07YQ5SN4H,164
B0B7FJNSZR,183
B01N6IJG0F,151
B0B84QN4CN,151
B0B8ZM9RVV,163
B01892MIPA,156
B08ZHYNTM1,168
B09SDDQQKP,162
B0B5RP43VN,164
B096NTB9XT,183
B078JF6X9B,153
B08CGW4GYR,150
B00A328ENA,179
B0763K5HLQ,195
B09PDZNSBG,160
B085LPT5F4,152
B0B9RZ4G4W,150
B0085W2MUQ,150
B09474JWN6,146
B09G2VTHQM,199
B07R679HTT,200
B00B7GKXMG,151
B07H3N8RJH,169
B07K2HVKLL,157
B09MQ9PDHR,145
B014HDJ7ZE,153
B07D2NMTTV,160
B075K76YW1,187
B0BNLFQDG2,144
B082ZQ4479,188
B09Y358DZQ,152
B09M3F4HGB,144
B07VZH6ZBB,156
B07F366Z51,143
B077BTLQ67,153
B07YSJ7FF1,151
B07TXCY3YK,152
B07TC9F7PN,156
B09NS5TKPN,201
B00LP9RFSU,177
B0B7L86YCB,167
B09VPH38JS,149
B01MUAUOCX,202
B09MB3DKG1,171
B08QHLXWV3,145
B07G147SZD,153
B09LH32678,203
B09R1YFL6S,145
B07Q4NJQC5,147
B097RN7BBK,155
B097MKZHNV,153
B07LG96SDB,157
B08KS2KQTK,176
B095K14P86,204
B08K36NZSV,177
B07LDPLSZC,151
B07F1T31ZZ,176
B0BNDRK886,177
B09ZVJXN5L,145
B08JKPVDKL,205
B09JFR8H3Q,177
B07LDN9Q2P,151
B08T8KWNQ9,153
B07Y1RCCW5,153
B0762HXMTF,183
B00K57MR22,152
B07TTSS5MP,152
B09ZDVL7L8,152
B09XHXXCFH,179
B0BL3R4RGS,161
B07P1BR7L8,189
B078WB1VWJ,151
B0BP89YBC1,153
B09W9V2PXG,147
B09XTQFFCG,162
B08LVVTGZK,164
B07J2BQZD6,159
B07HK53XM4,146
B08RDWBYCQ,150
B09FHHTL8L,186
B0BHNHMR3H,161
B07D8VBYB4,161
B0B3TBY2YX,143
B088WCFPQF,206
B07JZSG42Y,164
B08YRMBK9R,156
B00935MGHS,164
B07B5XJ572,143
B086199CWG,161
B0BBWJFK5C,170
B07GLS2563,155
B09P182Z2H,196
B0B59K1C8F,146
B06Y36JKC3,205
B075S9FVRY,152
B08SJVD8QD,147
B07FJNNZCJ,183
B09MFR93KS,152
B07Y5FDPKV,150
B0756KCV5K,149
B0BJ6P3LSK,183
B09HS1NDRQ,159
B018SJJ0GE,207
B09FPP3R1D,163
B01F7B2JCI,205
B09NNZ1GF7,146
B01CS4A5V4,208
B0BL11S5QK,149
B09BL2KHQW,177
B081RLM75M,146
B07SYYVP69,143
B0BDZWMGZ1,152
B078JT7LTD,152
B09WF4Q7B3,160
B092R48XXB,198
B00KIDSU8S,175
B0977CGNJJ,209
B08WWKM5HQ,168
B015GX9Y0W,203
B089BDBDGM,159
B0BPBG712X,145
B00JBNZPFM,181
B08N6P8G5K,158
B07NPBG1B4,210
B01MRARGBW,177
B07VZYMQNZ,143
B01L7C4IU2,168
B09H7JDJCW,176
B07F6GXNPB,211
B0B97D658R,196
B09NFSHCWN,144
B076VQS87V,151
B09LMMFW3S,195
B0BBLHTRM9,177
B0BJYSCWFQ,203
B0187F2IOK,187
B0B8CB7MHW,150
B07K19NYZ8,145
B08ZXZ362Z,185
B00GHL8VP2,144
B0B9JZW1SQ,165
B00TI8E7BI,143
B07J9KXQCC,144
B0B3JSWG81,146
B08L7J3T31,177
B01M6453MB,179
B009P2LIL4,173
B00J5DYCCA,175
B01486F4G6,164
